Date,MARKET_SIM,AAPL_SIM,MSFT_SIM,JPM_SIM,KO_SIM,XOM_SIM
2024-01-02,5014.87987757697,180.92220983730493,370.1075252812273,169.63648460514875,58.44435743211662,105.44465774261853
2024-01-03,5047.744616810806,179.2450719955263,368.3963824140156,170.74917156804506,58.8725590663926,106.24232029571426
2024-01-04,5046.03829008067,180.195850220691,364.29920547546755,172.35706100194014,58.780483470599556,106.79128541084411
2024-01-05,4985.786569123303,176.99217739829763,363.1843844459801,171.03984179143598,58.32219118581718,104.9905289597381
2024-01-08,4958.4182208383645,179.78400616245682,360.3512362610387,170.7817910496364,58.12944705050021,103.61599137741385
2024-01-09,4924.367725851392,177.7746541047175,359.1469515256079,169.7279800949652,57.70344754673221,100.29674721714315
2024-01-10,4885.9022123508685,177.9359018492914,359.0028563780124,167.6387158538708,57.15300116063148,99.55269180247217
2024-01-11,4862.677140389424,178.9366977354016,357.2874943778184,168.78383582592622,56.42530092900711,101.10343009064002
2024-01-12,4820.843918598064,183.1692435780429,355.1992611502475,167.02542691380842,55.36311987601342,100.21352324760431
2024-01-15,4773.565710714077,183.03948071528947,349.3876639875076,165.65265592031793,54.78328722557188,100.6837960316791
2024-01-16,4760.4365396081,179.93814175486813,349.26873794653164,165.46156458682432,54.44847043900208,101.93060812830078
2024-01-17,4799.234110713967,180.1842178011301,350.50642787733653,168.09339892882235,54.841421672838194,102.35468234936701
2024-01-18,4890.326100620814,184.56298768410946,353.98913590519766,169.00486184269624,54.87789772595661,104.33478187929076
2024-01-19,4916.275094210753,182.73931234332852,355.05664213939633,170.20177774679658,55.21416864309545,104.62381544612776
2024-01-22,4941.242157873508,184.66092604813258,359.1647820446908,168.53358769312027,55.114909763460496,106.23406483925807
2024-01-23,4951.141349515798,183.81512183341468,356.8589346712591,166.33428269381065,55.3030942707568,107.22230582975094
2024-01-24,4963.007093276814,180.2721745838877,358.75810993714526,167.28388601748497,54.92559183036768,108.08626147766051
2024-01-25,4902.683236825249,174.572300896721,352.34393131719446,165.69929181355616,53.921312745942245,106.26981490630243
2024-01-26,4915.575578074123,174.1851792143894,348.11826087061013,166.9282195973318,53.77082103083729,106.80117981548781
2024-01-29,4809.475913125396,167.28430973569252,336.81025101517645,162.75960833000062,53.68305509935066,105.47986567414728
2024-01-30,4716.6476450779655,160.98654954791013,327.8845620858009,157.2456264982916,53.00695556178488,104.5004499227962
2024-01-31,4768.850530555673,164.8932221050692,330.85263550233833,158.0634779682008,53.55607994191899,104.07371633023075
2024-02-01,4730.239553682682,161.73840193516045,326.4911070145554,158.49733025742583,53.32219004201865,101.85850488122038
2024-02-02,4756.937471053899,163.32177532239194,330.67582312231065,160.35709964821157,53.5286655306124,102.19033606478425
2024-02-05,4736.13075037186,162.58408317435976,328.607636166124,160.26234039003475,53.12741030126846,101.79655107369082
2024-02-06,4778.23187191716,165.84890662941774,325.7961659688532,161.36497379288852,53.219912384109115,104.15658114419028
2024-02-07,4766.389355666165,161.27692416080532,329.1746952341047,157.90647273151765,53.17919747727708,104.38112388835742
2024-02-08,4773.540134295224,160.32797970208856,330.96809253127105,158.85631571220884,53.32056428726696,104.07749786723163
2024-02-09,4723.178726874484,162.32326700087108,324.56847025231224,154.8110007868734,52.96771779008861,103.22397018598873
2024-02-12,4804.809517849759,166.5179908081597,333.8999421774504,158.16323350886825,53.53973508889736,103.81693113379058
2024-02-13,4788.371873165206,165.17378434886933,337.4684458285567,158.21960394925665,53.39141716239931,102.57487908414784
2024-02-14,4771.591427853399,167.5241137925075,339.1912412507051,157.97097856373537,54.122103906678426,104.33799102309604
2024-02-15,4828.776777542864,169.97902573294166,344.42098353325173,160.5046229561361,55.0231999674633,104.84166001466868
2024-02-16,4756.440305623947,165.20520891713045,335.61135696834674,159.02607078375394,53.91740414694455,102.11412433847535
2024-02-19,4811.637581596537,168.14702852196862,340.52819192721137,158.4852685830288,54.5611378944043,103.77269025434978
2024-02-20,4851.995192491937,174.0047125129282,345.2232751573158,160.72221492322626,55.19781022914397,103.6817249143725
2024-02-21,4884.716337386407,177.27005353435072,341.604548119727,160.54064773312552,54.75723271678956,105.33458276845086
2024-02-22,4914.185725196528,182.06499626608536,341.68141122920105,161.98839120002995,55.2164165191445,103.14628316571483
2024-02-23,4850.220575136609,179.79066400749346,333.819627527459,160.34567399658417,54.95890211194921,101.98675406941359
2024-02-26,4812.409834181428,177.14353490414155,331.9735491155486,158.10150742399986,54.876576148789646,100.51727840286095
2024-02-27,4906.687647228433,180.93246904832625,341.50287792859615,163.9115079137533,56.06511251574879,100.985892905245
2024-02-28,4869.1963960920175,180.60866888396217,336.0066969015045,162.9668553119781,55.75170553445963,100.43296235534815
2024-02-29,4876.318234321262,179.91242658562453,333.88809980140417,161.54748778830145,55.67561759602631,100.24367051201314
2024-03-01,4898.018862307155,182.99508100808427,335.1062213069112,160.7524654294544,56.65900392147117,101.68645007252714
2024-03-04,4919.187071527865,182.6419233732646,341.34019067422275,161.42307266481717,56.731703576696475,100.9519536173158
2024-03-05,4931.639481445998,185.91713748140754,340.6117490047572,164.08667942190075,56.64608552795799,100.5131971731445
2024-03-06,4943.316443933507,186.40198398462292,343.97594852000304,165.212653996813,56.99368694406679,101.76241330290479
2024-03-07,4956.7138127601775,187.45726410069742,347.5321522967213,164.21421341951628,57.34583396077314,100.65253818272684
2024-03-08,5059.964635787592,192.5657111191979,354.0307587383018,166.73336774572485,57.58774097814699,104.39102949719675
2024-03-11,4985.226842327503,193.95896377689084,344.39239749383097,162.58173036039832,57.030291720235056,100.99220205107764
2024-03-12,4984.37935381016,195.37087185634425,346.5475063734211,160.26074980106787,56.39308450023655,100.10205232041085
2024-03-13,4966.989222118085,192.60118957126798,340.2413283348961,161.14659589553034,55.84604515015677,100.4834083922236
2024-03-14,4934.603088575108,191.3568902306459,341.60719194978446,161.34713487992792,55.800913380905975,99.81843561171623
2024-03-15,5039.458674041441,195.14364433986347,351.47994648351306,163.04200431026734,56.60137286479911,101.39558826588794
2024-03-18,5093.310338261597,195.18979592017155,361.1476643600133,164.38856572913326,56.62821530784093,101.3972828457639
2024-03-19,5095.873698166635,195.11946587388152,362.3595311433859,163.30508648541468,56.693397486695254,101.97415304037685
2024-03-20,5080.155849330932,193.19361320869652,358.0769073374453,162.26675498276884,56.47134301896788,100.56755018726466
2024-03-21,5061.177519312755,191.8713246052425,358.1481112891244,161.6703832865634,56.23027126604162,100.9908045006292
2024-03-22,5166.32853714535,198.56820326035253,365.39732475212134,166.43507746973526,57.14898487389662,103.2731656422938
2024-03-25,5224.186955807705,200.68575457690966,365.22686400659677,171.0144538005811,58.36961847258421,104.02540097183588
2024-03-26,5199.515581606648,197.1846703261064,367.20888418404485,168.28574633391844,58.24597109076937,103.17247230426523
2024-03-27,5177.647269926857,194.70495162667248,364.3670690597934,169.18984133476252,57.310529704475144,102.23620060074057
2024-03-28,5233.404360886422,197.74422161987488,371.286733924736,171.89456293176647,57.245948062063945,102.24611101695724
2024-03-29,5210.135943250333,196.08433240948696,364.69717703953324,170.7667627477629,57.065335398622324,101.79288757308738
2024-04-01,5281.081013003101,202.00897676545023,369.4155714260982,171.69218068858382,58.004724666632974,102.16079998946975
2024-04-02,5262.106911897869,203.70204306632556,368.74770460001304,171.96160743315284,58.292694556017864,100.2026955413796
2024-04-03,5254.488296893498,204.52822793626905,366.2449563384721,172.24686424294305,57.75723837998595,97.59107065282656
2024-04-04,5351.163852263857,210.9486071873669,378.40766386010523,177.71450874043674,58.79173761669079,101.96613103342148
2024-04-05,5287.664969567516,206.22783122788195,365.87232553051064,176.56906841045375,58.48002369703035,102.02926399345168
2024-04-08,5276.730713490744,208.74063093091993,367.7857520666536,176.66211423253614,59.24215786097205,101.49622575412583
2024-04-09,5323.158908192037,208.1725655966104,367.83616136941777,175.40674872823197,58.89723122498333,101.58224191972822
2024-04-10,5252.535639151417,206.18420550737474,358.4091330517851,170.50881245841205,58.19655203761915,99.85449349972379
2024-04-11,5342.172918721084,211.54231477964692,360.11757159620004,172.5346516961776,59.05042474191915,100.54950189628096
2024-04-12,5244.669014148536,210.53154169616454,358.5554520323091,169.14644820606395,58.9104580145265,98.3873448762549
2024-04-15,5353.024893012897,213.76203157239306,371.760836766102,173.70902796906404,59.12650514346311,101.2520171096753
2024-04-16,5315.414316815533,212.56556061135728,365.622861074612,171.04565721173927,58.55046357756633,100.58395713871829
2024-04-17,5350.850537835772,215.91009337384247,365.3458976574781,170.4260242009203,58.78749446816434,102.54848507525566
2024-04-18,5366.911249277178,215.71066941940288,364.82683597968867,170.76178499902565,59.164216795501964,100.95716735064121
2024-04-19,5412.706094818654,216.75131624860154,365.12455095346985,171.33643561363823,59.18858465589933,99.26713581785867
2024-04-22,5483.706667328244,220.29643731431923,374.04569195935903,174.31849866260177,59.541785594962604,101.93496463107829
2024-04-23,5491.555296995364,224.45112924716253,372.7542964254732,174.4871842289429,59.16689624035738,103.9421897262228
2024-04-24,5483.734721611967,222.7290894719572,369.10521512383616,172.47627545864393,59.15884058974354,104.290141236284
2024-04-25,5553.329193603978,224.24018905838625,377.23509168584974,176.08750155814505,59.525405018502944,104.29552115026772
2024-04-26,5687.192096958878,230.17831226003662,388.00870430602686,181.45988671664398,60.85491861772903,105.30322180770274
2024-04-29,5703.1362285452915,226.27090825502972,390.7009889303693,182.74326409776108,60.67389526881481,105.57106221535751
2024-04-30,5693.035084204535,229.72372418310852,398.30407884328037,180.8889369106267,60.551561080230265,105.26880292546343
2024-05-01,5696.305457172831,229.0739851896595,394.3585865298905,179.85796042463258,60.13763107751203,105.54970999527697
2024-05-02,5741.406948407836,230.21760067413317,397.70879374679106,184.04410719718263,60.79872792136538,106.49366666497517
2024-05-03,5903.7954053182475,234.02440171993186,406.19695254229845,191.6270846113957,61.68551949619636,109.69864332631711
2024-05-06,5819.128970156391,229.7136268708352,396.9223502983212,189.3960156061974,60.66905286310838,108.19313308670077
2024-05-07,5767.573330785544,228.02317663665957,390.456976927777,187.11646729379905,60.18124084199266,107.93568303095834
2024-05-08,5755.295052202676,230.7705015718472,393.2420518921832,188.7469033029536,60.71731485195788,107.24399318023542
2024-05-09,5697.114326334283,229.36970231312318,383.7176446255289,185.66295332480144,59.96564617284248,106.08119511529894
2024-05-10,5716.258354555559,222.62737191142804,383.27386462923045,187.84798458851623,60.056749451040794,106.8922366584919
2024-05-13,5626.131581190006,219.68546963618024,376.160029451323,184.12338405459968,59.20294737273203,105.74751690299381
2024-05-14,5649.294116591789,220.0831307040673,377.25759972883134,184.9881923296582,59.69414476472899,106.52819582629846
2024-05-15,5651.773357670241,221.94565459358773,375.0826333326773,187.30946915979305,60.18073067660072,106.62195104910846
2024-05-16,5643.972497656104,219.07200124660807,370.42344212251777,188.88211065404502,60.10022464288414,104.15840031240874
2024-05-17,5746.297632898725,222.67765203490808,370.8068179488524,194.9608495805879,60.76507414195663,106.90853260112051
2024-05-20,5763.683210149435,223.44647537411697,369.4890023501624,193.578430553947,61.037180463566955,108.90037727669585
2024-05-21,5769.589679357965,225.65960882560339,371.2171753829287,190.69937951725333,61.55991150236551,109.09691281809818
2024-05-22,5803.72768789126,226.42823302119254,378.05102570637587,189.7068383853262,61.69703008251374,110.86975862535085
2024-05-23,5837.964133589218,224.71296010709753,376.51818811810335,192.23394277194885,61.194842207643156,112.24965726936232
2024-05-24,5900.483920917722,227.7999327835195,379.41388368010274,196.01442796281566,61.851942681411636,113.47310014306352
2024-05-27,5894.093112679914,225.56641672703034,385.26552865299084,198.13654841673915,62.263492133829324,114.18479939914702
2024-05-28,5890.656489425504,225.86243933926625,386.402507763678,200.55266369231228,61.99643466791337,112.63116693490393
2024-05-29,5902.081137289136,223.36933982396127,393.99710712376145,198.38918321135378,61.7594324066662,114.05289738231156
2024-05-30,5988.686687615875,226.01626669063435,391.77982045528614,199.0610715501523,62.66711456693881,114.41884905042996
2024-05-31,6065.735514382587,230.43242866810024,402.7669491451921,202.02243675279703,62.82365930857705,118.50714663701744
2024-06-03,6136.050100261044,239.06250361589028,400.85806152440927,203.95555182295865,63.024219031632725,118.7384931532198
2024-06-04,6209.217094825383,242.34029694494805,409.02062077677897,204.84500484044906,62.86021531958784,122.05749257501735
2024-06-05,6191.28347975237,235.84268998385673,408.07336144135826,204.82022190208056,63.368002513112785,121.003248501338
2024-06-06,6209.401854055391,237.84244668859543,405.067312346122,202.97444689049286,63.5797876652712,120.94810001551973
2024-06-07,6167.199613501806,231.0569749055075,407.95168949901205,201.1396753804551,62.41622229144662,118.29132686840985
2024-06-10,6194.728371312158,229.27047150933262,409.12765848232897,206.15071889849582,63.2492335423924,117.28697021870097
2024-06-11,6238.652764818859,227.77176136727516,411.22614107885494,206.5746230857117,63.44758777942213,116.97275190370574
2024-06-12,6162.0763806472305,222.13287866289744,403.55884649402685,203.4566411221846,62.80258938665339,114.73518491790495
2024-06-13,6155.257732236545,222.7604117354274,405.5120364178628,207.16938466309728,61.84463830683639,113.5331566696656
2024-06-14,6223.324945595933,226.47285405501856,401.887353354096,208.13061759987468,61.773782475504085,114.34893608855492
2024-06-17,6254.219179956947,224.60571305169302,406.02897988877896,210.7220799639094,61.73148531375665,115.54481566111967
2024-06-18,6175.664235417582,224.05669507132694,402.47975361778396,209.7236476655036,61.22134440882306,113.89687630324889
2024-06-19,6089.4584025179865,220.51851500539266,401.80884679434416,208.26477612786323,59.95160657337847,112.8089940030131
2024-06-20,6038.539891262691,217.28353533830042,399.4432264889481,207.8833842682944,59.2513590230253,111.16824096140117
2024-06-21,6102.978479078602,218.70107251499311,405.02019152589025,211.36365116288417,59.956156487811704,112.97875087179726
2024-06-24,6087.05623661589,219.05686893241912,407.0634463691071,212.68304682461962,59.473707776009704,111.50953747146902
2024-06-25,6103.032045761332,222.74131972892616,406.41921186333946,211.70023942916168,58.875750050585346,112.0494196811159
2024-06-26,6224.794699100424,229.6146699031149,412.98254802147784,219.019184825742,59.226375044601525,113.48844187889057
2024-06-27,6281.006687428753,233.90231894287803,420.1042879598183,221.4338827097494,58.976351747910165,113.677123636198
2024-06-28,6262.907503579073,233.5504713294176,419.3016523324222,219.60642655611028,58.571642253425495,112.73454495213628
2024-07-01,6329.20485136589,238.74388428942822,418.8647152681471,221.29312652749815,58.653708932803475,113.47394098862269
2024-07-02,6238.163178601245,240.80781126105848,406.41070468629107,220.10632632549982,57.661570799759865,112.56653460540585
2024-07-03,6265.460700261545,243.64755050210007,406.09247879631687,221.6053535912053,57.685198068522695,114.35692412958396
2024-07-04,6339.162854737359,247.99632858518456,405.99145988989807,225.20747184082407,57.895423105847144,115.00715910876771
2024-07-05,6303.021228826346,241.59802833365987,402.12159802827733,223.6445823987219,57.602933924403125,112.68668116641912
2024-07-08,6335.173334310453,240.32056180748054,415.01380952160184,224.25541716125522,57.48352440011725,111.17251521591305
2024-07-09,6328.913934635733,243.36635441433398,419.1963626689406,222.4614830286295,57.246486758407045,109.20409866181633
2024-07-10,6288.809889073496,245.73580072146328,415.17326441509056,218.78732598239404,57.625698171172814,108.16686338415789
2024-07-11,6230.515022952225,240.40945064754973,413.1362703073214,214.64354343440255,57.189157192452534,107.05779903479618
2024-07-12,6235.0726499385655,237.64829796693286,411.83355923086424,216.2531555409227,57.24965961864097,106.66924313321616
2024-07-15,6162.952434009885,235.83935614406002,405.26659736974665,213.0119997878931,57.61405852637326,106.2858812833882
2024-07-16,6223.882387054329,241.07483243946913,406.4663908686673,215.47326305940115,57.8605626101248,106.28464315467959
2024-07-17,6217.496200345536,241.2659173226136,409.83573735379736,214.1241587404044,57.70977680224662,104.58623196299912
2024-07-18,6248.352811509009,248.09263004576815,408.3144338767271,214.63268739569577,57.95753952891042,105.59328605054843
2024-07-19,6214.249149451012,252.33368235039075,407.9302535286001,211.11603150148142,58.04541524213389,104.52894964473147
2024-07-22,6277.738528192819,253.88323970861785,405.1918878648404,213.59726195936273,57.77493487748259,104.65335297494316
2024-07-23,6284.5797932285095,254.7161822893935,409.9203788826444,208.97905740661912,58.32784332146284,104.1236938554664
2024-07-24,6173.629948740078,246.71367195103065,394.89317622082206,206.66665569146664,56.64266284945651,102.12152445944551
2024-07-25,6195.955873942153,252.31065226286123,395.199717606531,206.55384482688592,56.853791288318114,102.47935094804758
2024-07-26,6210.270142789967,252.4362616547375,396.6723889913333,208.1598681057192,57.23628417526965,102.10310860075107
2024-07-29,6303.262807764705,259.501490366024,404.3705483291925,214.17585636367778,57.185933725332696,104.13067232307935
2024-07-30,6354.476976249362,263.1468559005555,405.5719647642603,213.2196233591784,58.206012364085716,104.78760574913082
2024-07-31,6381.057209696277,264.21305287045794,407.40901207419233,211.80326287292135,58.16280143408567,107.3216588775616
2024-08-01,6473.422426605605,263.89994478421414,415.84882236491615,212.14129936528715,58.362370250165874,110.14232836626596
2024-08-02,6415.421402909805,254.9843152754519,417.4402833639289,208.971598749784,57.97758050528432,108.0898385811022
2024-08-05,6464.570444423154,258.02890671031895,421.047712110492,209.2473007175671,59.57178052360785,107.92897801982207
2024-08-06,6603.474475512994,263.1809604678913,429.80345662184857,208.6674216633631,60.196434219643244,109.20057262496651
2024-08-07,6559.982399212901,263.5317321439872,427.2310133300151,202.75446257372758,60.03506307682657,108.91085208101515
2024-08-08,6564.155413577474,261.7780861409537,432.4844077162553,205.18931871863026,59.80357817683791,108.12344016348696
2024-08-09,6568.096683315826,260.5878601231764,429.6140649162965,203.92898879253625,59.50084085945048,108.0576803982812
2024-08-12,6507.6301365978115,253.5032148003424,420.3467402102807,199.89885183215165,58.82132434043587,107.16992332908801
2024-08-13,6486.535330042983,253.8335608680084,417.032219600168,196.36499901462702,58.46957910770581,107.33978313983191
2024-08-14,6660.127544469664,264.7541052126768,431.13224218993275,201.73660315055912,58.548147388467825,110.06453416011654
2024-08-15,6585.463047381135,257.53915658753886,424.2837574899522,197.7353170423036,58.017263905441425,109.50363964290206
2024-08-16,6578.013972484883,259.05996531766203,424.28750377461733,199.09374854024077,57.96908351724101,107.74192602386556
2024-08-19,6543.140772851351,257.86191683773336,423.9982076551865,201.6466209465228,57.0977703185202,110.25878029559063
2024-08-20,6592.315311011131,260.2078121861391,428.6366272367315,197.86669833643055,57.7500399975143,109.80715391953233
2024-08-21,6744.920299560243,264.68247639097706,439.76374559877837,202.35604561669732,58.461587199885656,110.08247147601541
2024-08-22,6704.321121075407,265.0709682019992,437.8778767012037,199.6907729167756,57.56335831254631,111.14802457221226
2024-08-23,6705.05499428092,266.4892395653798,430.1019009921738,200.00560302784933,57.357921487113764,112.49159109051767
2024-08-26,6679.235500150416,267.2963741780184,425.1829918080635,199.7688793976741,57.607670752805994,112.62761430319561
2024-08-27,6683.149706602058,266.63725528645455,427.32787041036136,202.99689582207583,57.7391200473884,114.00699625183444
2024-08-28,6658.204148591849,266.1881408980435,424.2919064633567,203.00829302883423,57.507729818706395,115.55399797678669
2024-08-29,6633.235829400347,263.15715261798505,417.85490103774674,201.90093426498976,57.2675535649539,113.93288061840167
2024-08-30,6569.105623771994,253.95705562993908,408.8641217039093,204.16990333977867,56.45095596072698,111.94512841180106
2024-09-02,6541.49342948938,254.4724477321309,405.3224373209177,202.7085647584593,56.336714777012155,112.15820160261808
2024-09-03,6511.035306172602,255.2476335077769,402.20979812399685,202.35627487426285,56.32370117788392,110.28907542962767
2024-09-04,6550.6084312591465,260.1633301243355,405.44257271363824,206.45461775078442,55.84018615552441,108.78209105538345
2024-09-05,6427.400793547717,256.15565329595853,401.2288219134268,202.17923050565332,54.789720149550035,105.69156773638525
2024-09-06,6379.3995973335595,254.62708808397892,407.17068710417215,198.5284757567518,54.598119528286055,105.77258952349386
2024-09-09,6426.268552990874,264.23506607153286,411.13143363272894,198.65507848254038,54.5502910267881,107.59002322740756
2024-09-10,6390.984162366403,259.1934456096229,411.6138458432344,199.75904417745815,54.59677175633223,106.37806275998351
2024-09-11,6430.62529192894,262.2199294237723,418.10641527704024,197.8029222720293,54.85189872879677,108.76964433194553
2024-09-12,6350.669639755094,264.9696469868263,415.1790759542103,197.2692114960992,54.521674545256126,107.57520996154501
2024-09-13,6256.323935275648,257.9155328332817,413.71412361038136,191.6554718983098,53.75024346387167,106.32180780574504
2024-09-16,6341.8804275220855,266.03552125652567,419.4831948314879,193.4019649441713,53.772044392970436,108.65895246606105
2024-09-17,6408.219767959168,269.7250337005978,421.45970471890155,194.01269941990128,54.05962993253041,109.56116301440836
2024-09-18,6368.98445577721,262.7069158663711,417.8252494114692,193.9857149707047,53.72726732090572,108.87497497743236
2024-09-19,6323.447513382967,259.5457349851597,416.83043067751436,193.2901369234506,53.52563128965528,109.41112884295714
2024-09-20,6362.611951665974,260.0541687303472,416.9721873776296,194.70832385413334,54.03702519717791,109.68626695461045
2024-09-23,6264.349276465773,257.6954083262886,412.93878645742615,193.74425840099124,52.52168932002887,107.77542710269152
2024-09-24,6184.866512456527,256.22461901067675,406.30912676579624,190.42478611814107,51.08215286615504,104.02865479097055
2024-09-25,6222.606100162128,257.1184980608512,410.8018963045737,193.13364373086085,51.07681962228255,108.69302123007195
2024-09-26,6249.920954354177,258.6483060546042,412.0564150939627,192.51908078517084,51.37909348131689,108.59085632091019
2024-09-27,6209.921527017323,258.753562642749,415.4655133956482,189.72857745061012,51.00597639675978,107.73683020026068
2024-09-30,6171.9438226986285,256.9809755644382,405.3043133809482,190.35183095472888,50.44409979836224,108.34955697098198
2024-10-01,6170.843088004208,252.65112578472014,403.152137757733,191.5811677507728,51.03490320847632,106.84802350466968
2024-10-02,6198.8976475321315,247.06160298376489,395.74198616226187,190.03345554712487,51.03745771425825,108.15389208392578
2024-10-03,6200.9637266111595,246.4903684911213,399.2221167742327,189.9116321978259,50.67280559617029,107.80263442018553
2024-10-04,6167.487067306685,238.39502843876485,394.6958399439572,189.73356506949253,50.92593624234849,107.49706145715741
2024-10-07,6261.262233308724,242.56500066414426,399.9698945228384,191.1491801692218,51.15631318924022,109.87791652804877
2024-10-08,6233.687206230837,235.91518981071246,390.9786247718567,190.03417978418355,51.261850154356196,109.205340437988
2024-10-09,6148.354174564463,228.94871188160138,388.54793679240345,185.570568022707,50.717778664555176,107.45386485458089
2024-10-10,6138.9408765591415,231.08316671371543,389.6846797747549,182.4833136105058,50.542270671345975,107.05149003008245
2024-10-11,6219.789459757569,232.59539001947883,398.69264009501495,185.09066051653355,51.596549044594155,111.0365113188227
2024-10-14,6272.693398901484,233.7030295851083,407.96730432008604,186.84730540096547,52.012040754812666,111.00580777592302
2024-10-15,6225.244790139925,224.58322311488647,404.5083200474664,185.29769148104666,51.94177677452495,112.0586390647304
2024-10-16,6244.601573733123,226.03592265419093,413.3106418025698,184.16713581760501,51.94114362235138,113.1351729722015
2024-10-17,6248.235560817354,225.82748127624328,404.61000100617423,185.91995914516076,52.521210486525064,110.9570869024933
2024-10-18,6206.229470422066,222.65048931154055,399.1511126444891,185.96190518197193,52.16459184573014,113.00185360107409
2024-10-21,6179.306911257956,223.90322040358384,394.9059516186237,186.73336019422,52.16153289966016,113.55336647135755
2024-10-22,6290.005159546452,230.45218353345433,402.72923870255147,192.05590917319478,52.771105602281565,112.72547179759657
2024-10-23,6449.386619226979,234.65056419990384,414.2431727658248,197.92239634959185,53.36966119622752,115.94393952392267
2024-10-24,6331.362174119121,226.33848654276298,411.80335448813037,194.50344022358507,52.449391675180145,112.66469486751323
2024-10-25,6331.137358830872,226.88375671842743,412.853767576229,195.21603526906432,52.18262378624151,111.14480281806009
2024-10-28,6283.8967289408765,225.4558201253325,410.2444659849078,193.6155503730262,51.47870325124373,109.76236059032726
2024-10-29,6340.17047953364,225.53785181687007,418.3618891485217,195.83063478276796,51.650345872177645,111.91532500401281
2024-10-30,6232.035557175472,218.96416082037246,412.2807598297147,191.44969954390322,50.757166506734926,109.4681130047978
2024-10-31,6113.0626649602145,213.52967566113156,411.0333769751663,188.99982664838032,50.64896968736089,108.67296125120191
2024-11-01,6062.947268112594,212.41300343745004,407.8325968801197,189.38607889694518,49.97971964592807,108.9973765750955
2024-11-04,6008.051943620802,208.85096556851934,402.8774265472251,187.21160961805933,49.385589725402134,108.0056392091287
2024-11-05,6087.173960583556,213.82114548516253,413.0664988863982,189.13933402997628,49.46455329174627,108.59288314667587
2024-11-06,6107.743918500623,213.89319766551216,412.2232097904678,190.80344585831565,49.0876474909615,108.47941459305552
2024-11-07,6077.898438543167,213.2373742454293,407.21511781678606,189.61608226834514,48.260282383239854,108.71588650488557
2024-11-08,6073.463762548362,213.75014331981043,400.6617844975747,189.72170678981007,48.193586349553975,106.94695149779172
2024-11-11,6093.246003709315,212.15352126877946,395.60980758467946,190.7594802412796,48.44297358613858,108.29349488494205
2024-11-12,6231.494273312749,214.6701888619491,404.26396509996124,195.05205138604578,49.74245220176642,112.88460757746445
2024-11-13,6186.827049358523,212.31965736604553,403.20635701266093,191.3125875821125,49.42294041457641,110.22214235912824
2024-11-14,6197.268292680858,212.81299165682316,412.27670678051624,191.7381003236797,49.29894917887325,113.08654240116988
2024-11-15,6117.827762760315,207.90436523926806,404.3803135225165,190.70664021917358,48.97515684821912,108.59426803028049
2024-11-18,6047.055997727132,202.28518884378664,397.1157179752774,188.3629608685018,48.915995020594956,108.93818464308168
2024-11-19,6026.623987274542,203.29733912728224,396.11261174044347,189.17749405114412,48.98169277236623,110.14681161504102
2024-11-20,6054.588837985736,204.67815301501085,399.001081128805,189.0475996146616,48.51835762590376,111.40939560885607
2024-11-21,6045.268960873559,204.16259961090162,384.39056173130797,188.340013027953,48.381301275050006,112.31411388338796
2024-11-22,5980.005944573666,199.07359975215252,380.6590400618061,187.65794839921423,47.802346777251984,109.99394551496395
2024-11-25,5884.0592495962,195.65828806118162,374.13861904132466,184.7243020389305,47.75231773773234,109.23776721060574
2024-11-26,5906.19964543126,196.81524808861445,380.9371305254943,187.26638054805045,47.907809115354404,109.97275533502199
2024-11-27,5920.73360318342,197.6173564718456,382.6531175151636,185.18254365203117,48.00514363123121,107.79334041372351
2024-11-28,5962.345326397508,199.7128516368924,387.61728686958327,186.73606206495776,48.14450965154835,108.13685711907704
2024-11-29,5933.943829107992,199.90965776777415,381.9147461844365,184.47660391734073,48.63692496110202,106.6060200104837
2024-12-02,6015.639792556263,205.4714129789477,390.0837194071641,187.32124582339148,49.55242667305232,109.2843086555879
2024-12-03,6054.808536196,204.5164630912114,386.7854369756593,186.72605566971436,49.63252260095009,109.16657481848823
2024-12-04,6156.168796986906,209.12979278617368,402.2756702662703,190.6159507839633,50.13524136550526,110.32133353285329
2024-12-05,6140.59745699942,207.77997474091703,405.2625285991038,192.61673858565104,50.080783966313675,110.6729504700538
2024-12-06,6153.586061240309,210.62160330950775,411.464477866096,194.7145517356795,50.24151347999533,108.62975950733343
2024-12-09,6153.048231478886,207.11270592288162,408.20503362523885,198.15867252356844,50.383601715834516,106.85036563121922
2024-12-10,6195.743260186188,207.66745668783216,414.638948038479,200.09299747374914,50.800459985186514,108.59178393194121
2024-12-11,6200.5496447484165,209.0124174532656,418.1845595557166,200.25052607030392,50.934860608378834,107.40053855194525
2024-12-12,6234.117225430862,209.85167614534578,419.1621242251854,200.83967936604424,50.96150764795843,106.544811156735
2024-12-13,6287.166900995181,215.6149048256421,419.90466948728636,205.2626281439399,51.605060043017055,107.64181348963999
2024-12-16,6366.933407738266,215.07920531209976,419.10001148286807,209.15831000725328,52.26781537655462,108.00893687061884
2024-12-17,6196.294527242679,209.67570651674427,405.0221443557268,202.1650220019562,51.12226852119813,104.47740982202976
2024-12-18,6187.82050778552,206.63131886359824,410.72213767438603,200.78711309786456,51.47228304347793,106.81165341044479
2024-12-19,6223.461044398936,208.38535725802046,412.1115790554122,205.48444062477427,51.6604590588438,106.51820585602248
2024-12-20,6289.807478441743,207.63597919894926,411.87708742709873,209.05380116121975,51.49738987869078,108.56635426311995
2024-12-23,6243.852580454697,207.20473224651766,408.9239204263286,210.77624826823697,50.86295552631073,109.05101064772467
2024-12-24,6197.729044895455,204.08610706936358,400.76089006951287,209.307481096172,50.66825103907756,109.23654818201732
2024-12-25,6232.23029515394,206.2855988343966,403.13042434725975,213.81573331317696,50.811071448335575,111.056729699429
2024-12-26,6411.392123735959,213.94367980466973,418.13085374722243,218.7000341987981,51.528830758257314,114.78548547018205
2024-12-27,6461.649455323408,218.18939407302844,419.26044839292155,217.64894356766317,52.04776522476254,115.67837156425553
2024-12-30,6507.8995383617685,219.32061411363793,423.69416835102294,223.01041995652878,51.73890674888642,115.27561885346908
2024-12-31,6473.063655386234,217.11234133635114,421.27051717046595,226.72484137024497,51.74598526121676,115.27565883750249
2025-01-01,6473.512182618013,220.23876226737295,430.95346258505987,228.0926696026699,51.330589059416155,116.35555675682254
2025-01-02,6589.074967891009,222.3847637607286,441.55749594103094,235.17733843313593,52.071877008200744,118.98253610031968
2025-01-03,6629.899398438343,224.31792585068249,446.22803790586096,239.96470440364263,52.429049160583155,119.22306702218748
2025-01-06,6751.134609779743,224.8628124042438,453.9988936075988,246.65027608553592,53.52169246153899,122.10545471136804
2025-01-07,6774.343560253215,228.2340904516453,461.73051438252594,246.31703311616337,53.508077599344034,121.18757678551258
2025-01-08,6848.0440487381,228.18977184845306,471.3847308402474,250.27401376404788,54.41547627951312,122.0314073902853
2025-01-09,6830.052848880651,226.85352795781736,462.08539475724376,248.16210624773905,54.16564978290405,120.62438104489964
2025-01-10,6762.407181238302,227.32169135084726,460.19992548158206,243.09771570555196,53.547860477177885,119.14113535883106
2025-01-13,6786.2762234923675,230.91065198961851,456.69628222795836,239.1961106885988,53.00330135303701,120.68732626314959
2025-01-14,6717.876364397403,225.49125704631774,454.22305312967455,233.1421624245146,52.301310241167975,120.0843673531306
2025-01-15,6709.364049734487,223.57608902138182,458.8677218010745,228.80689562823994,52.010433477650444,119.39067794213172
2025-01-16,6841.035005627387,231.80234697936191,471.6674771972386,235.96067997051253,52.536358611383,120.91698093252393
2025-01-17,6799.835195194024,233.11519409450312,472.5132897589706,231.54309385316614,52.499375951327764,121.08489295927826
2025-01-20,6732.776034970689,233.40906937256767,475.7812058605094,229.41139402887316,51.97157606918709,118.7517747570267
2025-01-21,6642.825338323703,230.1155850724681,462.179395079074,230.17473114911843,51.27776860485604,116.74316739848052
2025-01-22,6634.755785578982,229.1775306021246,462.9856881273878,231.20813775452746,51.321329790120835,117.5624751102175
2025-01-23,6623.4054949852025,229.04429124032242,460.15625610847394,230.35408607956322,51.138581965723084,117.57777574081167
2025-01-24,6554.401149582204,229.79282562765317,451.64794698430927,227.79600858832472,50.70722539063722,114.76353527501924
2025-01-27,6520.257671518882,230.50426062605786,448.48491242552274,225.48642919080933,51.235903192651094,114.27375406316892
2025-01-28,6436.94220332837,224.9755572809445,439.04345007630724,224.46150322128992,50.84162948850919,113.6056224421216
2025-01-29,6408.9381302448855,225.03731242192276,433.00586339248935,228.19369133046297,51.023144821561814,112.6252737221766
2025-01-30,6370.274156415947,222.3974201586901,423.0390856602038,226.73163877815014,50.94362117783189,109.78481371532028
2025-01-31,6387.010373567711,222.9919186771832,422.17021329215805,225.98892382171894,50.66853815943436,107.50967564109393
2025-02-03,6406.55925464193,225.7568088831552,415.9212157955798,226.76975796033554,51.12153611937898,106.41925950514499
2025-02-04,6544.563592406155,233.19950267203512,423.3153809795545,234.40202983959233,51.776840109207,107.51551824932474
2025-02-05,6611.306664700336,233.6841969955879,424.46219275282033,234.83610539570046,51.88085036366314,109.26294530492655
2025-02-06,6604.599619667431,232.04276119158905,420.6140591053076,234.00989304364128,52.112905735469404,107.16340153668598
2025-02-07,6608.969435225176,231.11575021401558,420.0995230414434,233.51272388324006,52.305035170782155,107.81659457582344
2025-02-10,6504.899429052111,227.88968287295617,410.80267111508203,228.3352802063325,51.89622272985603,106.65356406492184
2025-02-11,6489.037491489465,228.934936352065,413.7653409614151,227.70659811788934,52.04540527618982,106.36046131572073
2025-02-12,6456.89329039566,229.86095481593395,418.4915309484431,228.52375255314675,51.603042571070205,106.34978371402566
2025-02-13,6527.271487009041,231.50989502678132,432.69204079471115,236.14503530972357,51.661259260135154,106.57074915444895
2025-02-14,6599.69648372477,227.85039730726027,437.8012254367532,239.09553325952626,52.549993373503604,106.52150561343656
2025-02-17,6575.847966501708,231.0585172527553,433.6263953020163,237.01084245001613,52.85047915442826,105.88327429264311
2025-02-18,6454.270010511993,222.34031924398724,426.14183873741064,229.12661580244992,51.88196550209972,105.0486354656188
2025-02-19,6396.830626174732,220.25203754515343,416.67494022101465,223.65018359959504,51.09082482430211,104.98794331529723
2025-02-20,6471.642607460228,224.18083604921077,423.52519147241816,222.33621334990335,51.458296071010864,106.27958502655626
2025-02-21,6508.4640541053595,226.41146122375724,427.0050836060939,224.49000422961544,51.35677146576496,107.07910661573209
2025-02-24,6592.941578487361,229.37943511320194,425.8945673652197,231.8620623681169,52.10568609440809,109.42365149722036
2025-02-25,6561.708729131482,228.6936731937044,421.8255476511342,232.32308875165745,52.03046065535721,110.17156716071611
2025-02-26,6581.4774136363585,231.29448693138465,423.4825677412585,232.42476387417534,52.106317383005965,109.95479356442277
2025-02-27,6529.478818066286,231.4944786705653,415.40905268180245,230.45949816956124,51.7904400171283,107.8577478253203
2025-02-28,6480.273025711397,223.864386869934,408.76327478269775,227.98129150187384,51.88195231343883,106.51868505610199
2025-03-03,6529.621868368446,222.27745645738335,416.24957897351777,227.88828494086184,52.11506940802431,107.45978420304358
2025-03-04,6539.536071053996,224.14931673984748,413.5415532780108,230.77707898832762,51.51360461861911,107.10071374471006
2025-03-05,6518.357140356187,229.85441018024113,406.18269530402836,226.1757117227706,51.94972684485865,106.05959309551176
2025-03-06,6460.587401598657,228.05316254377365,407.1136183053833,222.82898427597257,51.504070681501986,105.42087077540654
2025-03-07,6502.397025844366,231.29306952742283,415.7177073665041,223.01997013659704,52.03328631592825,106.46880034513116
2025-03-10,6556.110298138082,235.11026755726039,416.13701010845534,223.8872069005717,52.37275579527237,108.6300456307732
2025-03-11,6641.255516647921,236.98060383924127,422.93046398196554,225.39635326697746,52.63428497262194,113.08568770500311
2025-03-12,6615.043784288396,235.1191317510138,419.4048556559939,224.78374037486907,52.78204156313356,112.52408494740979
2025-03-13,6540.673289416818,233.55493413387836,415.1951499002843,223.11541016388108,52.50940694960611,113.74480181174279
2025-03-14,6447.700827751764,229.64061217551105,410.34992194032196,219.3303966116262,51.6400048956575,112.61501007462141
2025-03-17,6494.703835349775,229.42721356423792,410.8671516750328,222.68611230462767,51.652587114954535,111.98609918031322
2025-03-18,6473.909195016336,232.0196495748308,413.76299017627736,221.6712054937898,52.037172182076496,112.9098536280443
2025-03-19,6408.3615492893905,230.8152356037968,414.8899219877865,218.41426371787728,52.028656132762535,110.65995975175427
2025-03-20,6313.111241334181,224.07507832943998,408.5201972849396,216.196395291146,51.52416233147563,108.66125513547887
2025-03-21,6304.120382013821,221.12109809441787,401.1722680384604,218.40168059549399,51.056787242870946,107.64856237805267
2025-03-24,6350.269509153767,220.30108665914264,402.8590221300897,218.19122905533413,51.10038952991449,109.20753186059812
2025-03-25,6271.97978281825,212.41747841296035,400.4999554454845,214.71481112916945,50.441472826229976,109.35717733619786
2025-03-26,6175.385457098175,208.84907139935254,391.6024952706315,210.59052367685854,49.497445137314706,110.22452206382046
2025-03-27,6162.2711662588445,211.93312584167927,387.70732191309145,209.36436226157315,49.95162597297704,111.18022902006902
2025-03-28,6281.79613165584,220.2913179408072,389.9456111973759,213.95807451704164,50.617149089025645,114.47614831009662
2025-03-31,6311.709868657756,216.28706095765773,384.7457113400354,217.39473585697291,50.29441360558931,113.924205305392
2025-04-01,6335.150591782476,214.73921013004735,384.3911418687456,219.75442710766455,50.15098753916142,112.80316584904745
2025-04-02,6382.5517161159905,214.3827287626726,389.7976132412993,220.79195503080848,50.373973940298725,115.84234871378655
2025-04-03,6334.585556745974,208.75003791223517,383.3583937563483,217.2951926491283,50.17623600169532,114.99921913180607
2025-04-04,6293.95529825298,204.10898736926444,382.21199022554225,216.79241093610847,49.56271049689604,113.98752991815017
2025-04-07,6316.417053628957,209.47835661051744,384.6469954568619,220.08230243679074,49.567193000622325,113.15318518907125
2025-04-08,6206.717264401704,208.67950084099468,375.1333961159784,217.44106604603678,49.61756588246706,110.40481887509725
2025-04-09,6074.35623004696,204.65701791948456,367.636929658438,215.6021829798061,48.57057069607769,108.42437557647214
2025-04-10,6125.041611269486,210.90715187385706,364.60338432120784,215.4824575805357,48.83020966534531,108.11238044061629
2025-04-11,6234.8185346113705,217.72786195643255,375.34097980340584,222.74587608264156,48.692750286211044,108.31033023679196
2025-04-14,6304.121257334783,219.40907821851226,383.453412371498,222.1728513654043,49.61764844333752,109.87287487207254
2025-04-15,6308.5426528797625,218.87866329565043,380.99373365407394,222.76480672687353,49.865189728573355,109.67082151442925
2025-04-16,6308.876095376708,219.7514179411731,380.4717216734942,221.6620368820341,50.312093305489014,110.64846438129422
2025-04-17,6394.913439616649,226.90039397277303,386.55773479057916,225.9115652221673,51.092011332429635,108.60884111583006
2025-04-18,6328.973637830407,218.1920704375729,383.83670752651176,222.88185473417946,51.04132597720539,106.56026881031833
2025-04-21,6266.250576631996,213.38227078854294,382.6391761330718,223.3296104508834,50.63878750446189,107.4024497973987
2025-04-22,6143.417453147482,208.81418040998986,368.2702304815058,219.12085916138793,50.224770859651144,106.2426159271582
2025-04-23,6141.525526058448,207.36943480395345,373.1254079550965,221.229303440462,50.04936109739091,106.11316438467192
2025-04-24,6122.955034227406,210.43805548279795,374.6079840498314,221.64488636381668,49.90485423717427,105.8039548868575
2025-04-25,6044.887114255972,205.6733587720446,373.11833197856055,217.03074808726893,49.424151341949305,105.06575156105134
2025-04-28,6075.772047592825,207.19573699968683,374.8891758739651,218.60857203542903,49.84232155458932,104.04110139002088
2025-04-29,6163.568371835755,209.84194184390572,381.4941635114356,217.17893455640905,50.268889405940804,104.01764337839165
2025-04-30,6172.59256009079,211.16583233051753,369.2350973182275,216.78036959444768,50.82079704908663,105.14608713042061
2025-05-01,6052.999929855413,207.61623409429552,356.71487571717154,211.61667840689046,49.908898069111345,104.15294683419789
2025-05-02,6026.989171567454,205.00511310705866,355.45013039940466,212.0491498976535,49.02493964143824,102.21802747037353
2025-05-05,5980.049010902388,205.22529836946612,350.1519178913335,208.95687528588496,48.47687449599947,101.33643575710981
2025-05-06,6034.251264839049,203.50003325885172,352.3389311410946,211.4579154006788,48.74266858625433,102.37207680248537
2025-05-07,6131.734717767542,207.61178399097878,360.1443292206975,219.23430541925944,49.08361443650247,104.27660050445853
2025-05-08,6166.089767962063,211.2623888755616,364.2646308413118,221.29925061960742,48.92041028092251,103.78691162210336
2025-05-09,6254.193010232333,212.81965496974883,370.4784139487684,224.05720834442639,49.32020813038346,102.35278006202091
2025-05-12,6257.0341423151185,214.2195397411254,371.4506683502613,220.46548169100143,49.33516957496918,104.79004128207526
2025-05-13,6296.559388417543,215.65173401474993,370.3103423704726,220.6174025770428,48.72723513355488,104.79757911019657
2025-05-14,6304.640779777079,215.7174566890602,376.7446604682293,222.16375206190853,49.103356352602766,103.35969644597243
2025-05-15,6347.460449791461,220.417182514163,372.8965803437811,220.9109071815814,49.46457795756805,105.69066031203295
2025-05-16,6316.811413163372,220.59564425834458,364.81425420068666,222.13983786697239,49.388196196158844,107.22086799298964
2025-05-19,6495.932775220885,223.94100341467112,376.49629542557284,225.86073420277316,50.215397154878104,109.07021532824189
2025-05-20,6494.564119882038,222.98039538374653,380.4163308027796,230.4818191897722,50.05900044473223,109.22247002047675
2025-05-21,6491.408634654395,224.25753944504908,377.1990108907588,227.327286876488,50.17043814617802,108.64110669818288
2025-05-22,6441.00943188442,228.75681509265124,368.7250856232795,222.63112736237719,49.23085662703407,107.87637843793878
2025-05-23,6442.941807457048,227.67622625861998,368.0086467582205,223.13371056998602,49.12316255418133,109.09718391377484
2025-05-26,6588.427029455844,234.7953903622469,379.63487524301917,225.1129099003543,49.72286142190274,112.03945091846136
2025-05-27,6563.171886233576,232.1025844638307,383.6709340423464,222.98401593313127,49.05711152538731,109.39454610198584
2025-05-28,6481.448128342569,230.34015656299135,375.93899639660526,218.29283725569735,48.08794942892539,108.42209435409622
2025-05-29,6465.906236199665,228.61239640151422,368.63917282319596,222.29204077178636,47.831416015961175,104.97825831714529
2025-05-30,6499.029973724967,230.3371863527766,367.41413600830066,222.3994360248153,48.15751586778995,105.05625054441659
2025-06-02,6571.269825944486,234.8501223650933,377.97748860826624,225.99424904309836,48.47174588987355,106.42066083338985
2025-06-03,6554.1415500184685,232.74689702675315,380.52056747051165,227.07625552522975,48.469003941144976,105.9341440766575
2025-06-04,6509.2254044176625,229.9522605772922,384.4055094257497,223.8943351826221,47.99573497068576,103.98412753079145
2025-06-05,6488.332075559026,227.42026616075927,381.84668538558753,220.61075353633797,47.58864059968673,104.81754692268301
2025-06-06,6479.052722977502,226.2371871616106,384.25827822395934,215.8531006063253,48.32523293273116,105.71976778273225
2025-06-09,6552.762252113913,224.39148109571374,386.83123876180974,218.16518529445702,49.32591485064901,103.27598632955151
2025-06-10,6583.089570461878,229.3209851889968,383.14520414906747,219.4970467282766,49.25013850096388,101.7326413961425
2025-06-11,6565.411541738654,231.11684468269738,379.1343058576234,220.6796537370456,49.566182011564635,101.00884906598665
2025-06-12,6684.642973332567,239.12569163154623,387.91418133629367,226.41686609417553,49.739064396360334,103.5069188727318
2025-06-13,6761.60609365258,242.25267191619955,399.94993220107824,231.15076310657315,50.18705544611373,102.81414138803092
2025-06-16,6690.005047614269,236.79679858474032,397.1581522390635,230.25431501106132,50.379296078461536,101.81398093223383
2025-06-17,6703.114184198016,236.80978655539235,394.2541147017744,232.89078624845405,51.486450069543366,101.42042642548616
2025-06-18,6682.165872017072,234.6064018111576,395.2391309898458,231.17131732125813,51.21999830646377,101.28344397339275
2025-06-19,6596.449911734164,227.45283778311224,395.3275512954909,227.58323159570406,50.54713711896854,101.59369640784134
2025-06-20,6522.864939836351,225.21841732441698,387.84087545835314,227.72870417835122,49.60262343014161,102.53971536318396
2025-06-23,6364.7805191353345,221.01193583386845,374.31713368325916,225.46804197409705,48.39556908590594,100.65018374892045
2025-06-24,6462.844259364809,225.1113219952263,381.37774502650825,230.80084063098894,48.97740482492797,100.82132729447981
2025-06-25,6324.186442404733,218.68279544849432,368.1581147659753,226.12678876809738,48.41877082417926,97.78323154830848
2025-06-26,6339.51924388022,219.02988434492454,372.2974084932711,226.50471422015363,48.03963954154587,95.6481978547889
2025-06-27,6413.068814449255,227.17200147947594,378.9713790909921,229.68071149601488,48.158943847348084,97.09618340752749
2025-06-30,6349.5117345357785,228.179375496699,376.7904056755051,225.37766395071205,47.98950993463177,98.84797208487205
2025-07-01,6426.003354800612,232.66213388809058,379.5536776072413,231.1085797699916,48.53382148198281,101.95193020184507
2025-07-02,6396.632155043462,230.1567784940821,378.8430957304182,229.52057529524188,48.63553871893664,102.37874565761996
2025-07-03,6359.242541273295,230.15034425843106,381.17307524308677,228.42543632978516,48.51244553350903,100.19953669758256
2025-07-04,6457.630214248357,236.34781731442936,390.55425973639575,229.3721164029488,49.26566141121412,101.77262596289943
2025-07-07,6470.188776940844,237.6586849797453,389.39522613123785,227.18074421565856,49.72607869365148,102.69652060435811
2025-07-08,6311.493829715212,226.60156217404017,382.1728577376245,222.5126050805381,49.307648222782525,101.4355819793025
2025-07-09,6373.195114836842,232.90063477473774,386.2921395319385,222.5208724458911,49.462784232503964,100.96326185446097
2025-07-10,6387.91365722278,234.9019971873361,390.1164519582737,223.38618605485425,49.10807944116819,101.14928377339214
2025-07-11,6328.982743854532,235.79814179770858,384.96550135288555,223.15787342665132,48.77754709581742,100.01832521948346
2025-07-14,6342.1728674532405,232.60833395891234,384.34284818689633,223.35225828169285,49.60459881371453,99.372658968953
2025-07-15,6436.172397836222,239.40591318949419,391.817054199618,223.90381574154858,50.23402936895441,102.88352721570743
2025-07-16,6504.705050659242,238.57151383344598,385.03784400101483,226.42515541669468,50.42809890731775,103.40726003823893
2025-07-17,6540.499829975915,245.8880364051365,380.8730294549993,229.4893929705212,50.69190688462037,105.60025445502644
2025-07-18,6457.031021744574,245.04294023324215,372.2650988233002,227.26977572205953,50.98511272245228,102.38818307344957
2025-07-21,6434.106174766734,241.47404666103805,376.2882503016273,228.14944588635962,50.104029086613906,101.01308162842014
2025-07-22,6383.016291762193,242.26098368403623,383.4542162048974,223.94977974747638,49.92905638309874,101.44374443912731
2025-07-23,6406.380945886004,242.4846818336954,391.8354367402656,223.25621898630789,49.961441547744464,100.363090020244
2025-07-24,6356.07604562163,238.88125929454833,387.97360665238676,221.47216262935237,49.908870680882316,102.10067836331477
2025-07-25,6357.672830954429,237.24056072693259,376.2173890350929,217.75826004585954,49.55101477752266,101.41996051217978
2025-07-28,6322.453549402866,239.38689922653944,375.41067021120915,216.58431900937518,49.23928328157326,101.15792824282882
2025-07-29,6270.164652088402,238.27268853413253,366.45950423659025,214.18774146414594,48.54870071418151,98.35604605499645
2025-07-30,6261.342769556263,239.55209149953865,362.03672636376103,208.42698822451482,48.2602651097633,97.07648378113566
2025-07-31,6264.429214620702,239.26497958189236,357.48937969098904,208.326776318829,48.31407087805187,97.79061136455074
2025-08-01,6234.56277426812,238.65920542405723,356.38360559997403,209.9928981528162,48.544942551947535,97.68209678096349
2025-08-04,6243.071623926726,233.2377742842105,351.22422011332077,209.41569783260962,49.60788890541074,98.8571194183974
2025-08-05,6287.857010537919,234.07458817504667,355.6037693587012,208.62921095212087,50.023304759455584,98.71452127426775
2025-08-06,6188.4378132342645,231.0631516293869,348.24891620955555,209.53865405278907,49.315271661614965,98.6076938047294
2025-08-07,6229.19912947044,232.53868384676036,345.63305455023743,211.02912349545747,49.45721910658952,97.67590282337382
2025-08-08,6377.38030435581,239.6174753787591,353.768659271897,218.04000364268123,49.260335858219264,100.22242024760331
2025-08-11,6541.959874037304,240.94435180537505,367.6540844978542,224.24990991490054,50.23738993489851,101.79443618401004
2025-08-12,6437.542381277643,240.78715837772913,363.1028329221581,221.2186198574413,50.233293837540096,99.98566139171116
2025-08-13,6314.064978360494,232.8776907647766,354.5583413920094,216.95402106044736,49.76896141553589,96.10092379212425
2025-08-14,6343.493274736795,233.01913868505437,354.7821376304795,217.43698348301615,50.405725443610265,94.7395513047584
2025-08-15,6370.368309212449,229.33770307916078,360.4569500317147,218.30353651263104,50.39579415544242,95.91192945023992
2025-08-18,6393.7505749929305,231.0635234970507,360.2837235031713,216.39997120753236,50.33061116475602,95.61069452146079
2025-08-19,6362.078288408061,229.58334475653027,357.74477847148006,214.60551569457772,49.819201254976356,93.96501877681919
2025-08-20,6370.438652091014,223.39067122277405,359.1354077079725,214.0520638127825,49.52914164166573,94.91598608019302
2025-08-21,6336.738207537308,222.89035272063734,355.83917840849256,212.69469387350125,49.10713497085179,94.88833171736174
2025-08-22,6360.7279403542825,221.1187383726708,359.9442656947391,212.54091204448676,49.25346730497046,94.4433940233742
2025-08-25,6310.245408344686,215.6033005267653,367.4424997802999,212.1302959697893,48.689165099709086,92.2810075010894
2025-08-26,6310.663022037538,216.79967507275285,365.8501683554398,212.99358041170652,48.9153367380607,93.85722203415683
2025-08-27,6272.449014636754,213.24997061319993,362.87011438528185,211.58077080687025,49.055573418698515,93.8671772887121
2025-08-28,6274.876400695657,214.57732260615202,367.9039488114011,211.02187157173955,48.81595042175684,94.03930707013019
2025-08-29,6321.37588511817,218.88121856016141,366.945702063571,209.3147437261894,48.902608127010495,94.25383768645739
2025-09-01,6331.845957727881,218.94800049665247,362.28343354297874,206.5624492187016,49.24207998267007,93.01117581344135
2025-09-02,6271.595548964424,212.61950866150514,360.557554583422,204.7167970401177,49.25618514356667,91.35041821608183
2025-09-03,6450.26240443888,217.7774477010363,375.67663964179405,211.64019323606954,50.05147596692335,93.79007094845993
2025-09-04,6527.081101763273,220.40975424556675,382.89777955076966,208.56731324838043,50.945750021663166,96.5090862365955
2025-09-05,6552.698013252716,221.66319908865503,384.6482447808875,210.33070567729865,51.339691729110264,96.96578301628277
2025-09-08,6643.418383521709,221.3071171020421,385.0820690755527,213.86149437552837,51.321980732038035,98.02731782839294
2025-09-09,6563.130583657699,218.2295554299112,386.40386331198505,208.44312919368537,50.62258162848852,96.48438938585218
2025-09-10,6527.632654904919,216.32693196762094,379.72450961081125,208.41791115059917,50.823696877009084,95.58044635118618
2025-09-11,6590.804624448575,223.37630765804226,381.49883267023085,206.17949485739456,51.21471788863492,96.43604541998505
2025-09-12,6580.213320870393,222.73915471244126,373.5721349980957,207.57026339345515,51.57522723875774,95.95923017003868
2025-09-15,6538.670182125811,225.03163358488348,370.1596713764377,207.0288739441287,51.16670123438707,94.84249462940014
2025-09-16,6537.324087974934,224.43580403511086,373.44433461313344,205.95740721437065,51.68787453433853,94.59710432616231
2025-09-17,6511.424704278359,223.99624627639056,365.44314854275757,204.5747105425606,51.83300438858346,95.6891180529846
2025-09-18,6475.748090498278,219.72716102466663,370.28379940759885,203.76184223271343,51.56431226248321,96.57471931244726
2025-09-19,6405.912096371568,217.9489087596827,361.5410232856619,203.59296597165272,51.16475851502209,96.83443299246942
2025-09-22,6440.736146279423,217.213094616387,368.87447710463044,204.05235790268176,51.09795941189151,97.45807115959774
2025-09-23,6351.248733294023,216.34464081488645,365.65611869049394,200.90772305610284,50.35159903045271,95.66122035089442
2025-09-24,6288.822683657297,207.94398145907255,361.4230368727204,198.87810279542194,50.97774845829195,94.85455820063154
2025-09-25,6409.108341930497,214.68944752744738,367.3627518542413,201.01711497693006,50.98131678916374,97.83187391910572
2025-09-26,6387.064237005055,213.98714105283585,366.46119550671574,201.43884924915207,50.492870891981596,97.49638764645519
2025-09-29,6351.788456941377,210.94393968316922,363.23240683691574,200.04602781216545,50.264496981794586,97.32975242569238
2025-09-30,6380.95724706169,213.75694426977094,363.1751006341844,202.62619255535128,50.268187192952254,98.09727711753885
2025-10-01,6408.627335236631,216.72055581456777,367.7957748693405,203.5359538872758,50.314597706534755,98.83268215244881
2025-10-02,6475.966326593158,222.19528386744759,375.1264938042243,204.6184612058206,50.74078632470979,98.48786112392933
2025-10-03,6525.056677093695,221.43848674688357,375.6561523575589,207.64709362858093,51.08233975854795,99.59995115063876
2025-10-06,6430.984272768714,219.12357225978914,370.7090891852526,204.54418379556017,50.59233433340323,99.31353093121766
2025-10-07,6392.231242211374,214.28472254717136,370.2746346492012,201.93792993676445,50.841588416166,99.45937251842048
2025-10-08,6389.44338697944,212.28144410514838,367.04891427937577,205.24168148685573,50.85144587308991,100.7357479094305
2025-10-09,6271.6890860877265,207.58880817116395,357.63285225374443,201.935651929371,49.845281867167294,98.52969547396633
2025-10-10,6210.761719297881,204.79665786708327,348.3716335455643,198.5147760554563,49.63236891441841,97.98711351610055
2025-10-13,6139.565340374079,201.0445336569671,336.43657558830984,197.22892362190893,49.039882613078746,95.5042539433037
2025-10-14,6192.238106758551,199.81092782258443,339.2934227117864,200.26449524162248,48.982134479150375,94.71161018841403
2025-10-15,6205.173546022383,198.51992962806187,340.0494366466427,199.92120101661027,49.346219702699074,94.77062302129754
2025-10-16,6190.352627697004,203.8963967958574,338.6616392134728,195.77846905005583,48.884203474447006,95.33710441651819
2025-10-17,6214.357513739861,205.34472203518112,336.51529698164245,197.91085646795207,48.78162435410851,95.86736029698926
2025-10-20,6231.0196438991225,206.92163034575702,331.6634112291248,197.99691294627797,48.740771659751815,97.05494255211975
2025-10-21,6243.454970864071,208.18338082919539,333.90634870668816,197.2000044495187,48.44584995247692,95.82149186038335
2025-10-22,6288.0135886203825,210.2818144642429,336.5404354508465,199.2122687716932,48.60521845430917,95.20067240521637
2025-10-23,6409.308013008619,214.0255064430959,341.7714423217456,204.3832632303209,49.57832270305906,96.87909026998894
2025-10-24,6395.657534855796,214.40148914482847,344.1481468427267,206.07416616903646,49.66057556259852,95.09624254381158
2025-10-27,6339.588065693447,212.48896397660232,341.2817993337002,204.9471665722701,49.02976528600853,94.96608349765567
2025-10-28,6316.956115985567,216.79689114696566,341.8968896986943,202.37896075362303,48.76293718289781,93.26594304912486
2025-10-29,6325.281327362899,220.93420694946983,343.99589461893345,202.222898448196,48.56306096086524,94.45914237916243
2025-10-30,6435.877153022893,223.50575279281617,342.89838974186455,207.06511567637304,49.03442357054398,96.93317423974509
2025-10-31,6542.182546860301,229.39369885615116,347.2164838868313,211.8321076785016,49.42720760441418,100.39718857565214
2025-11-03,6498.6009872175755,226.45227100294673,344.32864187270235,212.09473421497174,49.459267863590235,98.86643809386071
2025-11-04,6403.801407708818,220.85237023077102,338.52888207096294,207.59698551465232,48.90427517067261,98.46548553812008
2025-11-05,6397.743933940442,215.68774617300042,338.29516003360044,209.9254722518141,48.87554569965098,97.98993837177552
2025-11-06,6422.082543328227,219.06676675771095,338.1188148611727,211.96162453403113,49.28196243749143,97.83151433711355
2025-11-07,6472.1381241909485,217.50237784957602,340.18437590621625,213.97690364521077,49.54917979103982,100.78611821135776
2025-11-10,6566.594944131554,221.05554632218255,347.3228934245748,218.89179680731223,49.88142274328764,100.30693815407159
2025-11-11,6690.310886463838,220.42556773871596,365.6103559714868,221.43726900835807,50.402274960077605,101.13877681835653
2025-11-12,6614.035528134035,222.83346667143488,362.3410060142662,217.7505329122229,50.031582326962486,98.8815572029959
2025-11-13,6528.702267215292,218.66252929748504,356.68362344557926,211.63705752954635,49.56041890057355,97.21907287992009
2025-11-14,6516.701742299599,220.95665310205757,359.0602792833118,213.6890989366554,49.172834606959675,95.2254106643049
2025-11-17,6543.46516725229,221.31296290196147,363.2177137869453,213.42167241201926,49.087415114455986,95.41637609290126
2025-11-18,6527.378741502825,221.54006694974814,361.50629550090315,212.67557169803337,48.627697937141455,94.96412665337257
2025-11-19,6617.123621663483,227.007110941496,365.79872591672364,218.71016130559286,48.972558146885575,96.52274994080875
2025-11-20,6614.4255504552375,227.55591620849378,367.33676445281054,217.1309329371921,48.963392246048855,97.64940337866715
2025-11-21,6561.62112196611,227.03576076414745,365.3894834132089,216.00710509930687,48.85762289175008,98.66715250881245
2025-11-24,6468.39032055385,226.86325170979563,366.05261464983863,213.89433363305318,48.60732305413512,97.10936491085587
2025-11-25,6569.007278845474,231.92164262225694,364.43048793112064,218.6558770220592,48.702482254297074,98.48719283595472
2025-11-26,6561.721605367538,233.5458685312699,363.05418577306654,219.31597499613034,48.71732182493074,97.76747221916358
2025-11-27,6544.874697788363,232.57509571058748,360.9210313950146,218.9205209509477,48.4518201502812,99.19113233569755
2025-11-28,6573.751825639675,234.9034720330895,361.9968232809738,223.14350337003407,48.584078446937426,99.40717321089494
2025-12-01,6561.972521682734,231.40096124366804,364.8219107123202,222.19834218939005,48.301305364124424,99.00824846799517
2025-12-02,6696.736604527351,240.13153320252727,378.84608298366294,227.0636710970617,49.46353448667135,100.15718334477852
2025-12-03,6632.533251831348,239.640796500086,369.7135557525968,222.7200897139011,48.97206724396932,98.64160668742988
2025-12-04,6681.035437882861,242.36579539544155,373.7369656190647,224.77485939765975,49.23318265495856,99.10275215005727
2025-12-05,6764.458080272324,242.78451406061149,377.53393000922273,225.4002650696578,49.58521114331613,101.28663034915124
2025-12-08,6659.394068135019,241.87023207154905,374.7721309093962,224.6238693553158,49.47746793225441,100.97643168472258
2025-12-09,6558.7778819974565,238.88180560342582,369.23719386915207,224.13944449790895,49.08678135858799,99.81779861278669
2025-12-10,6568.349179792542,240.9124580329145,371.4660505839258,227.4777897147984,48.84952461767302,99.69697226356296
2025-12-11,6410.860703645713,231.04408330754677,363.70647182699435,222.24211642177116,48.31124643838919,100.03245721917047
2025-12-12,6413.446504733115,228.51875657952564,368.8372161175418,222.08563316219542,48.41198821318318,99.38390921622037
2025-12-15,6332.222766014961,222.82865739640374,364.7164630477925,220.47669916564627,48.3712110937356,97.43344606405554
2025-12-16,6275.738162601402,219.9141471674025,358.4239093024275,219.6517859480743,48.304625708678884,96.92218686524009
2025-12-17,6234.175331342221,218.7852097160804,360.2741241870985,215.80057579091095,48.220835905251555,98.10588149462093
2025-12-18,6326.814372312606,224.1189580595098,365.78581838745106,219.5999035053869,48.50504997463278,99.44039651616558
2025-12-19,6374.2787378714165,226.16434671756065,364.58410339723855,220.27040595048604,48.9547984195695,100.35617544774935
2025-12-22,6437.432659443904,225.14019954993006,370.00718427455035,218.9819587972011,48.619646014345285,102.57378753682703
2025-12-23,6365.220045948446,222.3474610740979,371.0241070078811,218.98946213989785,48.4849898962157,100.76299169145511
2025-12-24,6273.226854589233,220.50734832861508,361.60613418636603,218.57791271674486,47.6488662454066,100.43960752486612
2025-12-25,6334.572914435488,216.1180775491937,362.6394245575655,224.83372003808725,48.71558084312584,102.71447578866952
2025-12-26,6400.960679712119,220.9941878386038,369.3654454077628,231.29209513395398,48.613686826560375,102.37330276301205
2025-12-29,6283.573488660304,215.26156849364438,373.48919255175,228.5401864582851,48.131766159409516,100.4160842321938
2025-12-30,6263.472219364237,211.2943555072227,373.86777088577276,228.8499799893202,48.730377818185595,99.2682877792723
2025-12-31,6289.192483724183,208.0228009646672,375.4626753100175,230.3084726895485,48.78234321422883,100.78784797009266
2026-01-01,6265.617304847589,203.44031932871704,374.2761367078645,228.56194086262428,48.36345712147476,100.11167590735579
2026-01-02,6206.757327235381,205.2959140436398,367.98114098395064,229.21600981589867,48.06259365888715,101.21118867929763
2026-01-05,6215.724964064785,209.67065996689462,365.1322825072244,230.3977387656193,47.80478875754578,101.58626869322696
2026-01-06,6353.810513801419,212.1096472527813,372.311147238417,236.6642227404911,48.388712942067905,103.06372405387204
2026-01-07,6377.9531749052185,210.70621693583954,376.7815876093974,236.43833784007958,48.45229636410435,102.1957195970758
2026-01-08,6292.710986175541,203.96940015188758,376.1966955908531,233.80585141160344,48.09246021347015,100.8814468639868
2026-01-09,6218.22346161838,201.90582072083063,374.95524098034343,228.46711028416374,47.455586986716604,98.79462604653963
2026-01-12,6238.0483700131,206.85250555977274,377.20015707290736,227.85555451975713,47.92472825510471,99.44168509093015
2026-01-13,6237.2779726045555,210.67354578586085,380.05388919446517,226.70963427901773,47.96231098079744,99.37108959296808
2026-01-14,6146.594956294702,206.47238446905573,373.71509097111607,220.85681136102883,47.753393143181384,96.95369469638779
2026-01-15,6199.49571482938,209.05226091185327,375.69757425813134,223.30746479985666,47.76724717573419,97.18921997837921
2026-01-16,6176.118832898349,208.04516265826234,372.42369465580504,223.03763561180133,47.50453180187085,98.05218664859439
2026-01-19,6146.368215860395,205.48083682838254,369.68804336093467,224.464449765337,47.459519016203686,99.08454119153525
2026-01-20,6133.940503427558,205.30179640842493,368.0854656124497,220.84517055274432,47.228033577254195,98.97544676108052
2026-01-21,6184.153730725069,208.87759836130815,373.29358515504265,223.0913080958242,47.48136796683822,99.8199874691462
2026-01-22,6001.896991188413,204.23109133884347,357.0859339087033,218.4234382557237,47.20774401971903,97.34896145413677
2026-01-23,6073.661106255327,209.31938275392935,360.615005363285,223.48017958541337,47.71541691634242,96.59968471675585
2026-01-26,5986.496275706693,205.46322699765417,352.825949506903,218.0693848615656,47.39263780588447,95.8642579888544
2026-01-27,5954.396234167349,207.33125000607782,350.34910150608533,215.29404457014596,47.261553056871236,98.14207765109683
2026-01-28,5921.750336096656,204.6900574702357,345.29690369417983,215.53770722272816,47.457841504324016,96.00809111918332
2026-01-29,5864.728019831643,200.0148743641154,340.2310989896836,210.92610704412326,46.98097815911282,95.40527488238503
2026-01-30,5890.332386552019,204.72132654559118,343.43750148750115,213.7914829838905,47.01786933126329,96.04249433014351
2026-02-02,5881.893307014041,206.7957034224,346.261478878616,211.1964539004608,46.883626742580994,97.9026245191358
2026-02-03,5858.616346302449,209.85443189171932,347.16357926212413,213.28761171854995,46.874007431386474,100.22933562471201
2026-02-04,5886.428133441192,209.6325969891172,342.7399626522867,213.8769044920204,46.68315419509574,98.23555449659911
2026-02-05,5823.943518078454,208.45309056607368,336.89974192851867,210.52885231781306,45.79243189983774,97.8100089787035
2026-02-06,5818.152029552967,209.9375439077526,336.91239524221515,210.55011917646718,45.25876296347154,98.5997535484251
2026-02-09,5833.087811813666,206.37851759872353,332.24456664772714,205.88664789690947,45.029282751647955,97.04444420340411
2026-02-10,5740.545676248914,202.8480944418222,327.84869431215384,200.01397940074114,44.69027677736289,93.28243071441801
2026-02-11,5695.567677722369,203.89235567003408,322.8814906911747,196.75749039481786,44.99982799234591,93.9818810603647
2026-02-12,5748.122280789456,206.87890555400165,329.0288646380464,199.90412413135144,45.56358556981534,95.90102627578872
2026-02-13,5753.2272093821475,211.72642489393388,330.10503228551875,199.84349633475526,45.421078353451676,94.13011912910953
2026-02-16,5749.442826601312,212.92736668137832,326.7564154393665,197.29693058524867,45.074340609353996,96.01588638774162
2026-02-17,5816.045814042858,215.3893664702906,333.5269973575109,199.4688916339731,45.37704006389058,98.18922423145008
2026-02-18,5828.932380729206,221.13154507002997,328.8575421408329,202.11169220100797,46.18130362149021,99.62896393818077
2026-02-19,5801.93524949722,219.19320025326994,322.9448093542188,201.04955103334393,46.04656800349787,99.95475745634106
2026-02-20,5873.665772603863,223.69754540638428,326.74247980699135,202.4436503760559,46.40797963991076,104.12596648843318
2026-02-23,5873.777542715783,221.6679838592878,326.77204099684906,204.86124750653613,46.12081839707502,103.06291331236939
2026-02-24,5817.75242406619,221.81970844502845,326.66120020781284,205.06142836450456,45.73135932846351,103.27472028587603
2026-02-25,5901.326824931941,225.04953574833564,331.2862964651914,208.12754479956254,45.891905624408125,105.93391097729607
2026-02-26,5903.461636559338,228.00208601822223,333.07285536991986,208.8097662960098,45.59300251094146,105.06806725803698
2026-02-27,5827.083126809744,222.4935937352101,326.4054930870229,208.17173564859925,44.2859075415097,105.47504074912283
2026-03-02,5879.453677209118,224.54552544407528,330.37977712074155,210.64119210702165,44.81889881935659,106.56135703534953
2026-03-03,5935.859129071509,223.676344063565,335.6150109787131,213.5446471496201,45.13722967978424,106.64107798106998
2026-03-04,5918.259875102027,217.27729457615155,338.61471272863827,214.19366083180955,44.74157409156595,106.95484208703654
2026-03-05,5857.904115716368,215.19287544463756,339.5827441441173,211.53351539943037,44.350798797374814,106.57844163883226
2026-03-06,5924.901612578276,214.4868880070979,343.2890787301174,213.9290381647089,45.121313698516445,108.38685742793366
2026-03-09,5986.764864877338,216.29738527584522,351.53134034897465,213.23077507727007,45.42543988127675,107.94297727293502
2026-03-10,5912.789938872183,209.06566174328063,354.16167748792964,209.65870348836876,45.10662289346609,106.92750701064045
2026-03-11,5887.438496889082,213.3618031802393,351.58409461731566,207.39890783292051,44.80423709033289,109.3146617942169
2026-03-12,5893.353512241039,216.35660198424475,348.1695490057355,203.8044451770862,44.81687860378361,109.48691794944571
2026-03-13,5927.466842938082,216.72702501998373,352.0320823209667,204.34450039836318,45.03021940805937,110.8913709324868
2026-03-16,5942.6152959664705,222.37345985169281,351.75113652584423,206.20230817075242,45.471075492601756,111.26198813762728
2026-03-17,6059.418702208682,227.10253115678913,355.5030803020884,212.58339745635988,45.95147841194981,112.61213087392358
2026-03-18,6059.240066762478,226.0974902932064,357.42414135403124,218.11057061809979,45.79706243845085,114.82155748428158
2026-03-19,6049.796490436886,229.7577024966285,357.59622603182254,219.48183324835423,45.30381394563101,113.7611150053087
2026-03-20,6069.507929862165,227.44793319716138,366.7543918377668,220.1124531155325,45.15172630214179,113.39238006411219
2026-03-23,6078.264949119683,226.5616137799144,361.7086592602771,221.20467858215494,45.62933494002367,112.90873299686439
2026-03-24,6024.35273786246,226.1634212145619,354.11489142164174,219.20396752762196,45.093965060474346,113.72819798978084
2026-03-25,5923.623661165022,222.41957144928236,342.94109032752954,214.5685903750069,44.45989929844572,110.11181774426848
2026-03-26,5996.006047680633,223.91751253708887,341.6895979832458,217.75717308932127,44.722618561210076,111.77214768947658
2026-03-27,5878.106922320719,216.02808299682096,333.7727832512883,214.7921987491212,44.26921370769786,108.00805823221494
2026-03-30,5878.716771070253,216.66639728067125,336.5935934071703,211.62231104143757,44.59183657633806,106.16695818177406
2026-03-31,5921.375525920573,217.05604721641274,338.1350394992147,213.6153077908021,44.14651465857492,107.04775201311327
2026-04-01,5801.856159852395,213.93427895453104,330.04624253544125,211.91979687265686,43.839484170990474,105.7890410254925
2026-04-02,5771.1103194249845,207.73681652254712,330.92499567613714,211.98149660604406,43.77446802529738,103.97665299035157
2026-04-03,5774.3559518938855,210.89412144891236,328.38118728919176,209.21483359664245,42.94218130510696,102.78889824028685
2026-04-06,5718.162646009173,209.74920166680846,323.1505094552534,205.574096807012,42.95675918644786,101.72612157750503
2026-04-07,5686.645489560228,211.9531937811564,321.37721427145544,204.88729200785136,42.957362188641675,100.16541942372953
2026-04-08,5746.184354347567,217.30649032874157,324.6405365497953,206.67733839467513,42.62937028332628,102.18026421655898
2026-04-09,5809.467439605142,222.35769302802703,326.17878356962086,205.52964738650033,42.70152867218343,102.58378175945423
2026-04-10,5754.684703404541,220.3200814617803,324.37838504069606,200.8156518355927,42.3487849249649,101.43313205669189
2026-04-13,5780.873129939819,219.40295550277665,323.3072230372007,201.21890407085246,42.673979712002456,103.90112199865449
2026-04-14,5682.4078244266775,216.07140207964252,319.5922021262106,200.09950994471808,41.998556053768006,104.11136169178461
2026-04-15,5696.403611453773,211.29149654073413,327.4439316875464,200.63470044743082,41.987387014926014,104.48545631823355
2026-04-16,5664.180683958957,210.94437887176989,323.1225056645996,197.38529017038945,42.358045457269036,102.77019439985598
2026-04-17,5643.131433763892,208.80645260815777,324.135906133628,197.65694874374867,42.468173448227,102.36821995886183
2026-04-20,5644.238450508011,213.05091220378736,326.4989151600518,195.84784631663553,42.545662760829245,101.45115953462685
2026-04-21,5753.496988159251,220.27674161277406,327.9072022462011,198.59288008700614,42.79600680124847,102.7914106942026
2026-04-22,5763.070517852296,216.1497836844726,331.95264261299013,198.84823443939308,43.38695737339109,102.11499538717361
2026-04-23,5647.351071819801,211.16529453655605,323.400581822659,194.64935548623785,42.98456460729957,99.09600053355251
2026-04-24,5717.717341775359,214.88438762061855,332.88110548949106,197.69386339145336,43.318063622723166,98.06421210657626
2026-04-27,5610.472123311722,210.982255245854,324.44156042971815,190.45888418337822,42.71080420380157,96.15246322388948
2026-04-28,5676.555277112806,216.5324081074636,332.03233403431597,191.29017464792713,42.87173144910667,96.04053155880308
2026-04-29,5610.599180052106,209.16705276566344,334.80875210653386,191.43360539956595,42.97386894892715,95.04773209093756
2026-04-30,5603.7934343368925,206.23183038607485,336.3063922890347,190.51650590635873,42.97644041550779,93.8691180168883
2026-05-01,5577.120669516976,207.21552029845327,333.41259845144737,190.8329007103061,43.63314073882086,93.25580735136636
2026-05-04,5598.695163845669,208.30244727796958,333.0347062436877,195.2692852817365,43.97365256521722,93.87536119615582
2026-05-05,5616.475903427628,209.83287809111445,331.38881146757853,197.0055713101774,43.809725596987526,94.76481002098143
2026-05-06,5673.314267327293,210.68153777068503,326.95295509790327,198.29149905781648,44.3025060213123,94.40532763122529
2026-05-07,5632.483641333462,203.90364879379948,325.695504268788,195.45643698702509,44.06402637174788,91.89613948929522
2026-05-08,5589.460532469606,199.41663833579264,322.81301813294795,193.64690023779295,43.599802806772566,89.99289364578668
2026-05-11,5522.776609800202,194.4631823439363,317.42998693633103,190.68255128611503,43.51659658962833,88.35144535634463
2026-05-12,5479.811420599264,192.3071166183811,309.7000116993965,189.397637106705,43.10034317976012,87.1157815115564
2026-05-13,5474.094574452625,191.91764316317037,307.6422977591403,190.6542788096231,42.95295097607261,87.8578627060047
2026-05-14,5426.023644280217,188.11764302298,304.3555638913455,188.45293029113313,42.64742980520466,87.81927305360315
2026-05-15,5480.174664354408,193.76128730438916,306.40232511839054,192.4739491211599,43.523282186307256,88.26441921410338
2026-05-18,5512.227734460879,196.25098429647463,312.68180893750423,195.3564007706823,43.78299690145105,90.88687956251383
2026-05-19,5608.48174860668,202.24248324666524,320.47899711341796,198.3660313090301,44.28383338917192,91.9635732314212
2026-05-20,5535.643684805596,195.4788623841028,319.54496389114365,192.71337407795343,43.61109683740767,93.02576003226078
2026-05-21,5420.239396860913,193.9305083866519,312.8345460036947,189.42820515046674,42.978509775155146,91.16952655070594
2026-05-22,5447.121214079532,196.12360414912465,317.6817033428905,189.71106468856803,43.12395179661479,91.73673526879156
2026-05-25,5312.389769498169,191.6524716697215,309.8690877051614,182.28506760287658,42.69365155295461,90.42597394390114
2026-05-26,5323.15171785733,193.1736085927641,309.8326820195939,184.9222168934032,42.89960309975392,91.98228121044943
2026-05-27,5363.569290260895,195.09417452933323,311.1342844339561,187.6226144138171,42.791120102708085,92.6427721468472
2026-05-28,5385.0973105165,199.48192878031062,312.34622421735014,187.33434535651145,43.00889110810889,92.04253430321074
2026-05-29,5485.638159220612,203.71425188607765,322.29038483667784,192.50337407187237,43.76376882899096,92.79918722384333
2026-06-01,5566.15529975549,204.63941871933446,328.8408817454394,194.91104681567856,44.296083191384994,92.2204317422926
2026-06-02,5485.601459171262,201.78884977721128,325.27522661838753,193.92121321929056,43.87865918826264,91.08520371674764
2026-06-03,5473.412565717176,199.03954573368512,325.3191327376251,197.1531592064558,43.95513572728264,90.02926840602483
2026-06-04,5438.129655511164,194.88033887759707,320.7945666472714,195.88141478563753,43.310697149920685,87.23560712131516
2026-06-05,5455.290435354381,195.95719111903557,323.24478793297914,197.4185448693394,43.918090259156884,86.84615758104455
2026-06-08,5422.0983272312715,193.71803120826107,320.03223753637377,193.17218455146747,43.689307529755304,85.05316953851599
2026-06-09,5477.4957821122525,196.55561549897632,319.76060328499324,197.4024028210682,43.08238357316153,86.59783560532018
2026-06-10,5582.533393744039,198.8436451568775,325.92218368356885,200.70746860705202,43.83591192312225,89.568981558688
2026-06-11,5569.02305874823,197.55258827375246,328.03411228076345,199.60867816529804,43.44590673651796,88.860436107155
2026-06-12,5555.205156346626,195.64370622637318,326.0352366415438,196.63848530001638,43.79719350650667,89.05982520836194
2026-06-15,5574.470385440068,197.1613991689044,326.0213645404585,196.3467033446618,44.381889095098,88.63386839657964
2026-06-16,5581.528020847419,196.7312033301437,323.33431284697645,196.18735386255165,44.3587525183394,89.76252729672036
2026-06-17,5679.768557264278,195.45893591021556,331.10747239050426,196.80684945749974,44.73328986044866,90.29465641969385
2026-06-18,5675.981756807552,197.01778955899744,330.6363683839594,194.5613339708722,44.95941427781538,90.59267952299244
2026-06-19,5626.261277462027,195.99197557661537,328.9696313107788,193.945311599023,43.96555568169852,88.62651749724195
2026-06-22,5594.510156825002,191.87647985826948,321.0862680569982,194.41062133879862,44.15836619717017,87.9197315209222
2026-06-23,5607.201787641649,193.17829591413056,326.5940284497105,192.73606237083868,44.057916456220156,87.05639000035775
2026-06-24,5683.879711640953,195.67657136863056,331.0406458096957,193.57511862969258,44.95070241112227,88.12987713312455
2026-06-25,5637.541737566314,191.552769242513,328.06513508525285,193.79685850628132,45.1356265316814,86.15149023045906
2026-06-26,5613.278199363782,192.8661188096815,335.5416523361059,192.01734935250963,45.08628701544564,87.12305018125365
2026-06-29,5694.375856901387,193.79662167313583,338.3299679002474,194.56409539306526,45.492410118564564,88.63449014945424
2026-06-30,5713.225561020032,195.31116079956357,345.5530951582332,194.09782668409474,45.71714393510848,87.67794421057368
2026-07-01,5731.756725268341,193.0536085105766,342.1612974380536,194.16857238432263,45.41919270970545,88.82991852210063
2026-07-02,5703.490670214988,193.77242338626067,337.73114616835767,194.2658270923179,45.390859136091066,88.18247695697744
2026-07-03,5691.516726586009,195.3346097559649,335.2335947093254,194.00222801002542,45.44872787660074,88.07836813387162
2026-07-06,5647.38309124503,194.65252581437687,322.2734163050315,194.32978920385312,44.91033653894522,86.64418668505468
2026-07-07,5613.815696461691,193.69238249642314,317.69403670228047,193.2915795728504,44.499088846741174,85.17158139553365
2026-07-08,5724.511011188034,194.8254642785509,323.18214545232445,197.1983462032579,45.16006373771232,86.05004825151603
2026-07-09,5716.799189561076,193.80676706829192,320.70058425793036,193.7165665200728,45.12273874807433,85.95790301730622
2026-07-10,5648.842193743281,191.50642769821937,309.9124292585251,190.4871405069536,45.29380937285353,85.14632099567447
2026-07-13,5644.414431969246,188.20741033459532,309.7024634378157,189.39307543466032,45.56226056633646,84.38861740516266
2026-07-14,5668.506091325303,191.30403669066303,308.18390393805345,189.04298536365908,46.03028374025317,84.58689712329787
2026-07-15,5706.17751616942,191.52673604948825,307.9582569546842,190.67086113910065,46.01010704093125,85.0888679435259
2026-07-16,5694.392758406574,192.00077213279414,310.6697293472879,186.79387616928489,46.330055850841994,85.78662244910124
2026-07-17,5648.132159647007,188.83547330218033,306.9775182265328,184.6581444530884,46.47198910837069,85.75743870963161
2026-07-20,5701.300740694412,190.64058441038114,311.1857524557407,185.70984117495547,47.101146624447175,86.59079473159818
2026-07-21,5676.510682204516,194.846918180915,306.7053523238463,181.72318959986168,46.62821533396548,86.16705573726843
2026-07-22,5655.003480889938,198.1352882855955,303.2699818680615,180.94604022854807,46.4648996928882,86.77827755229485
2026-07-23,5745.20184262477,202.44301575110882,311.89712254526495,184.62561971032764,46.60780991320869,87.52578995101543
2026-07-24,5878.708924720465,203.50992156353504,314.52522082943125,189.65800384977192,46.93588108808905,90.03570820433178
2026-07-27,5885.060849529266,202.27569552450484,313.3382459841992,189.48596626405995,46.55595235180931,91.28239725289288
2026-07-28,5836.026411376012,204.30290884446117,310.1727957571073,188.8856532468025,45.83947856376807,91.42651111634747
2026-07-29,5832.965086098654,203.71979773019572,309.0700857569158,187.07176780956314,45.697757891413936,90.84867818913375
2026-07-30,5913.819064475262,207.11874250500404,318.1723630441033,190.93527765280035,46.15108833837382,91.63348714712404
2026-07-31,6027.584005067847,213.76734078823102,320.92230244506845,193.11403699886543,46.949127331861504,94.35754895774711
2026-08-03,5988.825879926928,213.4874617000849,323.3358570741893,193.0372491501541,46.517091771453494,93.53166529328985
2026-08-04,6007.332861249423,217.1268102762,325.82716350050424,193.36317727802216,46.83804068164099,94.07259823763867
2026-08-05,6004.457449219015,218.81634287998537,320.40061619502865,190.41554001578146,46.667220164838156,94.48375605491371
2026-08-06,6008.217560095915,222.49389844021601,319.1921597194364,191.53130929689576,46.8042556184878,95.82444273701732
2026-08-07,6099.4901674763305,230.42066638350028,323.3794781887311,198.58064741052672,47.197297469082855,98.49449294948148
2026-08-10,6099.801728177786,230.1074975811844,323.4838645804636,202.73637601002443,47.012692163682935,98.15666779316828
2026-08-11,6142.6312055204235,230.7914605826358,325.66320673537143,205.12687643916382,47.140225282095095,97.95804676978582
2026-08-12,6111.902282904359,229.18217661269233,325.88937235763103,205.36322051976305,46.81290716940281,98.19324604398167
2026-08-13,6108.055156200243,224.9670929398803,320.3513452855184,204.3116844460306,47.36443101126817,98.13513142851275
2026-08-14,6029.1352631611835,225.08105332276338,314.34756577173664,199.22411140175186,46.69405740467591,97.0174030029388
2026-08-17,6018.739351950278,224.22690931748207,306.879505799098,197.5716701716625,47.051021644405935,95.13295215978933
2026-08-18,5962.382843102103,219.37549478017723,305.34657064275666,196.24393905469367,46.78168466448672,91.79262827945354
2026-08-19,5907.775010424416,220.56379961234794,299.5284858633466,191.10187823976088,46.295373234705124,91.4555698099978
2026-08-20,5951.557245835886,224.7585649735253,303.5483365211084,193.91567153390196,46.70192729453389,93.3356721548478
2026-08-21,5850.034437776862,215.38756431932848,297.87730950454625,191.0217296269472,46.090091278869195,91.99313541328323
2026-08-24,5898.955718953583,223.42862915346785,301.8454076981178,192.6013575941481,46.039663744099755,92.48627804574593
2026-08-25,5961.479008436518,230.99167822353414,308.60087309093717,195.8425311193451,46.506772012696864,92.63152676915605
2026-08-26,5982.750567790585,233.81536385670893,309.3293726454136,198.04536264247645,46.377308424009584,92.9287886830928
2026-08-27,5959.87312171942,231.24020885143574,305.9442345114545,199.6495865818188,45.98434068514653,93.83702689994864
2026-08-28,5944.4997612885745,230.71154045044713,307.98052257180404,202.00372777239332,46.2388876272535,94.38410394204148
2026-08-31,6042.007882126213,238.60406312611346,315.223374089233,202.5171877113688,46.92057424624196,96.26161663264143
2026-09-01,6071.69896246733,237.17282857073428,318.2931695667998,204.52804866470277,47.36508195807525,96.46914757102525
2026-09-02,6082.774374657097,240.03309425034652,318.10530860562517,205.62238107911523,46.885585858767925,94.39520385628596
2026-09-03,6064.673518120566,236.39425231010227,320.14622322830405,204.19398964162625,46.268401203920945,91.19160525074682
2026-09-04,6205.033320981629,240.15804945507006,329.140537501888,207.92363917754759,46.54576942514074,92.24548921253736
2026-09-07,6190.775041139739,239.19800484804082,326.57922906585526,206.23766465393965,46.29338955667581,92.73452759876739
2026-09-08,6155.979517342845,239.57460142058176,324.0219773991306,204.3945008486344,46.34770628259536,92.66430541155464
2026-09-09,6177.075988598631,245.80822928559027,324.3759596762617,205.8625176128876,46.671571058983055,93.8779705193705
2026-09-10,6289.1772914691965,249.2149833452224,329.78191478227626,210.3521079589281,47.3389117632289,95.66026220342653
2026-09-11,6401.746790096209,256.6897436568579,333.0692319910565,213.50703010553715,47.75189624907244,97.15153038017692
2026-09-14,6462.273927149677,260.90716898155983,339.08574245478434,214.72350816589736,48.399945126051065,98.78573824825992
2026-09-15,6371.383411257449,257.27274789306296,334.7613844265832,210.4329495392791,47.79471756929661,98.00370198405588
2026-09-16,6352.044479623137,255.18877248956397,336.8467232435844,211.0243384927217,47.612076886008026,97.06344119176953
2026-09-17,6364.107544428228,251.51065194467813,338.5238339294146,209.03287248170943,47.172605112410785,95.37554790389537
2026-09-18,6343.0652529923045,253.85028613320213,335.59321731052194,211.12252519649064,47.18499299171725,93.13505733930764
2026-09-21,6396.691106208345,258.814701386774,330.30165600716606,212.27005927424568,47.30807198432843,95.8644588057682
2026-09-22,6302.888535730341,256.92118784087313,330.2382532264431,211.80098765452436,46.868353511251875,94.56755300371012
2026-09-23,6321.752493490936,255.57788424928714,331.97304014832116,214.73039422802245,46.63813503752296,95.10534685396411
2026-09-24,6344.73572662288,258.4205848316473,334.0034587511951,214.55098069613595,46.30268086437574,95.65523860591261
2026-09-25,6240.49343061024,255.3410450238229,333.0861609713098,209.65707802862372,46.18210865019967,95.14971988640238
2026-09-28,6283.520818986717,257.5119364622304,334.272637778397,213.40303961158637,46.273420504357226,96.17774698975707
2026-09-29,6399.259282020838,266.7274911130425,344.1498406811553,216.2782411908225,46.69965537325158,98.06477166974942
2026-09-30,6417.969273453748,265.4440682861536,341.5325475236294,218.15616940513794,46.80085267001601,97.40549004864933
