id_solicitud,fecha_solicitud,segmento,producto,ingreso_mensual,obligaciones_mensuales,monto_solicitado,tasa_ea,plazo_meses,score,antiguedad_meses,tiene_mora
SOL-0001,2026-08-25,Independiente,Libre Inversión,7389000,1693000,14240000,0.2207,18,806,7,No
SOL-0002,2026-08-11,Asalariado,Educativo,7275000,1002000,29630000,0.1205,36,815,7,No
SOL-0003,2026-08-02,Asalariado,Libre Inversión,9659000,2962000,54330000,0.1838,48,741,13,No
SOL-0004,2026-08-11,Asalariado,Vehículo,5034000,1785000,120580000,0.1926,24,673,21,No
SOL-0005,2026-08-08, asalariado ,Libre Inversión,2275000,659000,57230000,0.2325,18,747,21,No
SOL-0006,2026-08-31,Independiente,Vehículo,9952000,593000,94030000,0.144,48,658,33,No
SOL-0007,2026-08-30,Pensionado,Microcrédito,5419000,781000,28080000,0.2776,18,729,119,No
SOL-0008,2026-08-19,Asalariado,Libre Inversión,6602000,1222000,37130000,0.2007,12,712,28,No
SOL-0009,2026-08-10,Asalariado,Vehículo,8841000,1712000,134890000,0.1739,48,814,67,No
SOL-0010,2026-08-24,Independiente,vehículo ,5468000,286000,135290000,0.1775,72,714,17,No
SOL-0011,2026-08-20,Independiente,Vehículo,12685000,3418000,130670000,0.2007,24,660,8,No
SOL-0012,2026-08-19,PYME ,Microcrédito,11771000,1260000,3070000,0.2871,36,694,50,Sí
SOL-0013,2026-08-14,Pensionado,Vehículo,7575000,731000,25530000,0.1729,84,624,68,Sí
SOL-0014,2026-08-03,Pyme,Microcrédito,20623000,6371000,21360000,0.3079,12,736,,No
SOL-0015,2026-08-24,Asalariado,Libre Inversión,6282000,1553000,22400000,0.1998,12,605,51,No
SOL-0016,2026-08-04,Asalariado,Libre Inversión,5932000,620000,14090000,0.2085,60,751,19,NO
SOL-0017,2026-08-05,Pensionado,Libre Inversión,6749000,1859000,56790000,0.2381,24,746,39,No
SOL-0018,2026-08-30,Asalariado,Vehículo,11354000,4197000,78260000,17.61,60,613,34,No
SOL-0019,2026-08-06,Asalariado,Microcrédito,5155000,1573000,26320000,0.2912,24,691,46,No
SOL-0020,2026-08-30,Asalariado,Libre Inversión,3771000,1233000,21160000,0.2119,36,675,13,No
SOL-0021,2026-08-18,Asalariado,Educativo,7180000,2582000,38600000,0.1639,12,813,46,No
SOL-0022,2026-08-12,Asalariado,Microcrédito,0,690000,27820000,0.2679,12,707,65,No
SOL-0023,2026-08-14,Pensionado,Vehículo,2908000,1008000,73660000,0.1903,36,760,53,No
SOL-0024,2026-08-13,Pyme,Educativo,23086000,4000000,34420000,0.1332,18,759,16,No
SOL-0025,2026-08-23,Independiente,Educativo,7444000,2190000,7230000,0.1657,48,602,17,No
SOL-0026,2026-08-11,Pensionado,Microcrédito,5367000,745000,11660000,0.303,36,757,52,No
SOL-0027,2026-08-13,Asalariado,Libre Inversión,10162000,2524000,28130000,0.1952,18,700,21,No
SOL-0028,2026-08-02,Pensionado,Vehículo,3097000,161000,15390000,0.189,84,706,138,No
SOL-0029,2026-08-01,Asalariado,Libre Inversión,5609000,1723000,55770000,0.2065,48,761,43,No
SOL-0030,2026-08-25,Independiente,Microcrédito,7815000,2025000,25870000,0.276,12,776,37,No
SOL-0031,2026-08-29,Pensionado,Microcrédito,2549000,298000,19280000,0.3041,36,745,92,No
SOL-0032,2026-08-11,Independiente,Vehículo,7848000,2600000,111100000,0.1591,72,618,13,No
SOL-0033,2026-08-01,Independiente,Educativo,6836000,1694000,9020000,0.1403,36,685,14,Sí
SOL-0034,2026-08-12,Asalariado,LIBRE INVERSIÓN,7257000,808000,6830000,0.254,36,625,15,No
SOL-0035,2026-08-30,Asalariado,Microcrédito,2468000,802000,6620000,0.2749,18,672,40,No
SOL-0036,2026-08-15,Asalariado,Educativo,8186000,1812000,32310000,0.1724,48,693,10,Sí
SOL-0037,2026-08-28,Independiente,Vehículo,11084000,3143000,74540000,0.1867,48,677,43,No
SOL-0038,2026-08-05,Pyme,Vehículo,18962000,3569000,58300000,0.1863,72,650,4,si
SOL-0039,2026-08-12,Independiente,Educativo,5500000,534000,44560000,0.1281,36,782,20,No
SOL-0040,2026-08-05,Asalariado,Vehículo,4183000,1529000,132040000,0.1547,24,691,31,No
SOL-0041,2026-08-19,Independiente,Educativo,11050000,1001000,31260000,0.173,48,676,1,Sí
SOL-0042,2026-08-09,independiente,Vehículo,4452000,595000,130510000,0.1884,84,723,15,No
SOL-0043,2026-08-27,Independiente,Libre Inversión,4850000,983000,19490000,0.1866,18,685,1,No
SOL-0044,2026-08-03,Asalariado,Libre Inversión,7181000,2474000,12030000,0.2021,60,716,24,No
SOL-0045,2026-08-27,Pensionado,Libre Inversión,2700000,217000,11650000,0.1825,12,682,90,No
SOL-0046,2026-08-11,Pensionado,Vehículo,2021000,348000,51090000,0.1538,24,827,49,No
SOL-0047,2026-08-25,Independiente,Libre Inversión,9720000,2042000,50620000,0.2279,0,733,23,No
SOL-0048,2026-08-23,Asalariado,Vehículo,7617000,876000,54350000,0.1478,24,665,52,No
SOL-0049,2026-08-27,,Vehículo,6771000,843000,58500000,0.1515,84,615,14,No
SOL-0050,2026-08-08,Pensionado,Libre Inversión,2266000,403000,54720000,20.82,48,759,122,No
SOL-0051,2026-08-24,Independiente,Educativo,4719000,1094000,5410000,0.1276,36,649,42,No
SOL-0052,2026-08-22,Independiente,Vehículo,11744000,2048000,19860000,0.1607,48,705,1,No
SOL-0053,2026-08-21,Pyme,Educativo,18008000,1018000,16150000,0.1422,48,648,9,No
SOL-0054,2026-08-28,Asalariado,Educativo,6662000,660000,30500000,0.1728,18,702,22,No
SOL-0055,2026-08-25,Pyme,Libre Inversión,,3536000,29920000,0.2357,48,729,54,No
SOL-0056,2026-08-08,Asalariado,Libre Inversión,11459000,1763000,44470000,0.2345,12,664,57,No
SOL-0057,2026-08-14,Pensionado,Libre Inversión,7530000,1071000,57180000,0.1956,36,722,62,No
SOL-0058,2026-08-09,Asalariado,Microcredito,11297000,911000,60650000,0.144,72,796,17,No
SOL-0059,2026-08-16,Independiente,Libre Inversión,8583000,2089000,20600000,0.2179,18,756,19,No
SOL-0060,2026-08-26,Pensionado,Microcrédito,3016000,252000,11560000,0.2723,18,747,48,No
SOL-0061,2026-08-05,Asalariado,Microcrédito,6077000,488000,16590000,0.2929,18,756,1,No
SOL-0062,2026-08-03,Independiente,Microcrédito,8821000,-250000,24010000,0.3047,18,665,45,No
SOL-0063,2026-08-16,Asalariado,Libre Inversión,4521000,1500000,28600000,0.2307,24,696,29,No
SOL-0064,2026-08-27,Asalariado,Educativo,6815000,1479000,15880000,0.1575,48,674,45,No
SOL-0065,2026-08-10,Asalariado,Libre Inversión,7155000,2487000,6640000,0.2235,12,700,3,No
SOL-0066,2026-08-01,Asalariado,Libre Inversión,6446000,1718000,24590000,0.2065,60,719,3,No
SOL-0067,2026-08-23,Pensionado,Educativo,3517000,292000,20170000,0.1582,48,771,96,No
SOL-0068,2026-08-03,Independiente,Libre Inversión,8447000,1365000,6690000,0.1998,36,608,1,0
SOL-0069,2026-08-06,Asalariado,Microcrédito,11128000,3903000,21950000,0.282,24,764,51,No
SOL-0070,2026-08-03,Asalariado,Microcrédito,9427000,,26940000,0.2985,24,779,52,Sí
SOL-0071,2026-08-13,Pyme,Vehículo,19633000,4806000,64800000,0.1733,36,649,3,No
SOL-0072,2026-08-26,Asalariado,Libre Inversión,9516000,2085000,42560000,0.2048,36,701,39,No
SOL-0073,2026-08-18,Pyme,Microcrédito,8763000,2006000,18220000,0.2566,36,607,48,No
SOL-0074,2026-08-27,Pyme,Libre Inversión,15658000,3635000,55960000,,36,708,38,No
SOL-0075,2026-08-23,Independiente,Libre Inversión,3250000,257000,49320000,0.2381,12,698,17,No
SOL-0076,2026-08-25,Independiente,Libre Inversión,2190000,481000,51180000,0.235,18,750,34,No
SOL-0077,2026-08-24,PENSIONADO,Vehículo,3570000,1114000,99710000,0.1578,72,800,62,No
SOL-0078,2026-08-03,Pyme,Vehículo,17328000,5129000,39530000,0.1995,60,662,37,No
SOL-0079,2026-08-08,Pensionado,Microcrédito,6873000,1248000,21860000,0.2938,36,641,112,No
SOL-0080,2026-08-04,Pyme,Vehículo,15146000,4986000,89650000,0.1996,48,685,78,No
SOL-0081,2026-08-03,Asalariado,Vehículo,5336000,954000,33760000,0.1858,24,701,45,No
SOL-0082,2026-08-16,Pensionado,Microcrédito,2204000,251000,16360000,0.2966,12,762,113,No
SOL-0083,2026-08-25,Independiente,Vehículo,7804000,505000,43910000,0.1904,36,500,23,Sí
SOL-0084,2026-08-07,Asalariado,Libre Inversión,10340000,1370000,32730000,0.2138,12,715,45,No
SOL-0085,2026-08-03,Independiente,Libre Inversión,3479000,779000,53010000,0.201,24,757,21,No
SOL-0086,2026-08-24,Pyme,Vehículo,9825000,2999000,92820000,0.1817,72,645,32,
SOL-0087,2026-08-21,Asalariado,Libre Inversión,11007000,2712000,20060000,0.1868,18,716,21,No
SOL-0088,2026-08-07,Asalariado,Vehículo,11512000,2972000,114280000,0.1632,36,635,3,1
SOL-0089,2026-08-02,Independiente,Libre Inversión,8579000,1696000,28450000,0.1947,18,767,17,No
SOL-0090,2026-08-23,Independiente,Vehículo,10505000,869000,133730000,0.1663,24,656,8,No
SOL-0091,2026-08-03,Pyme,Educativo,21732000,4529000,4900000,0.1204,36,766,59,No
SOL-0092,2026-08-26,Asalariado,Microcrédito,11734000,3069000,-5000000,0.295,36,714,29,No
SOL-0093,2026-08-06,Asalariado,Educativo,8990000,604000,17770000,0.1541,48,725,12,Sí
SOL-0094,2026-08-07,Independiente,Libre Inversión,7743000,756000,31980000,0.2132,24,678,23,No
SOL-0095,2026-08-19,Independiente,Crédito Verde,2980000,364000,8250000,0.2966,24,553,14,No
SOL-0096,2026-08-12,Pyme,Microcrédito,13850000,1892000,25110000,0.2672,36,703,36,No
SOL-0097,2026-08-04,Pyme,Vehículo,4080000,1366000,85770000,0.1877,72,731,76,No
SOL-0098,2026-08-02,Independiente,Libre Inversión,13245000,2076000,26170000,0.235,36,,37,No
SOL-0099,2026-08-31,Pyme,Libre Inversión,12913000,4365000,53020000,0.2353,24,651,45,No
SOL-0100,2026-08-13,Asalariado,Educativo,4057000,319000,17040000,0.172,48,741,33,Sí
SOL-0037,2026-08-28,Independiente,Vehículo,11084000,3143000,74540000,0.1867,48,677,43,No
